"","block","plot","sub","bkgrd","dens","phyto","phyto.n.indiv","phyto.date.census","phyto.date.collect","phyto.unique","Nbrhood.size","bkgrd.n.indiv","bg.date.census","CRCO","ERBO","FIGA","GAMU","HYGL","SIGA","other","pheno.notes","collect.notes","background.notes","notes","plot.notes","sub.notes","unique"
"1",1,10,2,"BRHO","H","GITR",3,2022-04-19,2022-04-19,NA,"10",28,2022-04-19,0,0,1,0,0,1,1,NA,NA,"other= unknown",NA,NA,NA,227
"2",1,10,3,"BRHO","H","PLER",1,2022-04-19,2022-04-19,NA,"10",20,2022-04-19,0,0,0,0,1,0,0,NA,NA,"HYGL = sencio",NA,NA,NA,228
"3",1,10,6,"BRHO","H","LOMU",2,2022-04-20,2022-05-30,NA,"10",18,2022-04-20,0,0,0,0,0,0,1,"3 phytos not ready to collect.",NA,"other = LOMU","RESOLVED; JA Change Phyto 3→2. Third notseen.",NA,NA,231
"4",1,10,8,"BRHO","H","ANAR",2,2022-04-20,2022-05-30,NA,"10",31,2022-04-20,0,1,0,0,0,0,1,NA,NA,NA,"RESOLVED; JA Change phyto 0→2. ",NA,NA,233
"5",1,10,10,"BRHO","H","THIR",3,2022-04-20,2022-05-23,NA,"18",104,2022-04-20,25,1,0,0,1,0,0,NA,NA,NA,NA,NA,NA,235
"6",1,10,12,"BRHO","H","LENI",1,2022-03-24,2022-03-24,NA,"18",33,2022-03-24,18,0,0,0,0,0,0,NA,NA,NA,NA,NA,NA,237
"7",1,10,13,"BRHO","H","ACAM",1,2022-04-20,2022-06-16,"A","10",30,2022-04-20,0,0,1,0,0,0,0,NA,NA,NA,"NW of other phyto. Please keep separate !",NA,NA,238
"8",1,10,13,"BRHO","H","ACAM",1,2022-04-20,2022-06-16,"B",NA,28,2022-04-20,0,0,6,0,0,0,0,NA,NA,NA,"SE of other phyto",NA,NA,11647
"9",1,10,14,"BRHO","H","TWIL",0,2022-04-13,NA,NA,"18",45,2022-04-13,12,1,0,0,1,1,0,NA,NA,NA,NA,NA,NA,239
"10",1,10,18,"BRHO","H","BRHO",1,2022-04-20,2022-04-20,NA,"10",23,2022-04-20,5,0,0,0,0,2,1,NA,NA,NA,NA,NA,NA,243
"11",1,10,24,"BRHO","H","AMME",2,2022-04-05,2022-04-05,NA,"18",41,2022-04-05,47,0,0,0,0,0,0,NA,NA,NA,NA,NA,NA,249
"12",1,36,1,"BRHO","L","LOMU",2,2022-04-20,2022-05-31,NA,"10",13,2022-04-20,8,0,0,0,0,0,0,NA,NA,NA,NA,NA,NA,852
"13",1,36,3,"BRHO","L","BRHO",1,2022-04-20,2022-04-20,NA,"10",8,2022-04-20,15,0,0,0,0,0,1,NA,NA,NA,NA,NA,NA,854
"14",1,36,4,"BRHO","L","LENI",0,2022-03-24,NA,NA,"18",34,2022-03-24,28,0,0,0,0,0,1,NA,NA,NA,NA,NA,NA,855
"15",1,36,6,"BRHO","L","ANAR",0,2022-04-20,NA,NA,"10",4,2022-04-20,5,0,0,0,0,2,0,NA,NA,NA,NA,NA,NA,857
"16",1,36,7,"BRHO","L","GITR",0,2022-04-19,NA,NA,"10",6,2022-04-19,5,0,0,0,0,1,0,NA,NA,NA,NA,NA,NA,858
"17",1,36,9,"BRHO","L","TWIL",0,2022-04-13,NA,NA,"18",19,2022-04-13,30,0,0,0,0,1,2,NA,NA,NA,NA,NA,NA,860
"18",1,36,12,"BRHO","L","PLER",0,2022-04-19,NA,NA,"10",5,2022-04-19,35,0,0,0,0,0,0,NA,NA,NA,NA,NA,NA,863
"19",1,36,16,"BRHO","L","THIR",1,2022-04-20,2022-05-24,NA,"18",54,2022-04-20,10,1,0,0,0,3,0,NA,NA,NA,NA,NA,NA,867
"20",1,36,19,"BRHO","L","ACAM",1,2022-04-20,2022-06-16,"A","10",7,2022-04-20,10,0,0,0,0,2,0,NA,NA,NA,"NE of other phyto.",NA,NA,870
"21",1,36,19,"BRHO","L","ACAM",1,2022-04-20,2022-06-16,"B",NA,21,2022-04-20,10,0,1,0,0,0,0,NA,NA,NA,NA,NA,NA,11651
"22",1,36,25,"BRHO","L","AMME",1,2022-04-05,2022-04-05,NA,"18",14,2022-04-05,37,0,0,0,0,0,0,NA,NA,NA,NA,NA,NA,876
"23",1,39,1,"Control",NA,"ACAM",1,2022-06-16,2022-06-16,NA,"10",NA,2022-06-16,100,0,0,0,0,0,1,NA,NA,NA,NA,NA,NA,927
"24",1,39,2,"Control",NA,"AMME",1,2022-04-05,2022-04-05,NA,"18",0,2022-04-05,44,0,0,0,0,1,2,NA,NA,NA,NA,NA,NA,928
"25",1,39,4,"Control",NA,"PLER",2,2022-04-19,2022-04-19,NA,"10",NA,2022-04-19,63,0,1,0,0,0,0,NA,NA,NA,NA,NA,NA,930
"26",1,39,7,"Control",NA,"LENI",0,2022-03-24,NA,NA,"18",NA,2022-03-24,16,0,1,0,0,0,3,NA,NA,NA,NA,NA,NA,933
"27",1,39,9,"Control",NA,"BRHO",2,2022-04-25,2022-04-25,NA,"10",NA,2022-04-25,0,0,0,0,0,0,1,NA,NA,"other= THIR",NA,NA,NA,935
"28",1,39,13,"Control",NA,"TWIL",2,2022-04-13,2022-04-13,NA,"18",0,2022-04-13,12,0,0,0,0,1,0,NA,NA,NA,NA,NA,NA,939
"29",1,39,16,"Control",NA,"LOMU",1,2022-05-31,2022-05-31,NA,"10",NA,2022-05-31,30,0,0,0,0,1,2,NA,NA,NA,NA,NA,NA,942
"30",1,39,18,"Control",NA,"THIR",4,2022-05-24,2022-05-24,NA,"18",NA,2022-05-24,29,0,7,1,0,1,0,NA,NA,NA,NA,NA,NA,944
"31",1,39,23,"Control",NA,"GITR",0,2022-04-19,NA,NA,"10",NA,2022-04-19,23,0,4,0,0,2,0,NA,NA,NA,NA,NA,NA,949
"32",1,39,25,"Control",NA,"ANAR",0,2022-05-12,NA,NA,"10",0,2022-05-12,18,0,2,0,0,1,0,NA,NA,NA,NA,NA,NA,951
"33",3,12,3,"BRHO","H","THIR",1,2022-04-18,2022-05-18,NA,"18",106,2022-04-18,0,0,0,0,0,0,0,NA,NA,NA,"not the big one that is on the edge of the buffer/plot",NA,NA,1320
"34",3,12,7,"BRHO","H","ANAR",1,2022-04-18,2022-05-10,NA,"10",36,2022-04-18,0,0,0,0,0,0,0,NA,NA,NA,NA,NA,NA,1324
"35",3,12,8,"BRHO","H","BRHO",1,2022-04-18,2022-04-18,NA,"10",34,2022-04-18,0,0,0,0,0,0,0,NA,NA,NA,NA,NA,NA,1325
"36",3,12,10,"BRHO","H","TWIL",2,2022-04-12,2022-04-25,NA,"18",38,2022-04-12,4,0,0,0,0,0,0,NA,NA,NA,NA,NA,NA,1327
"37",3,12,11,"BRHO","H","PLER",3,2022-03-31,2022-03-31,NA,"10",19,2022-03-31,0,0,0,0,0,0,0,NA,NA,NA,NA,NA,NA,1328
"38",3,12,13,"BRHO","H","LOMU",3,2022-04-18,2022-05-25,NA,"10",36,2022-04-18,0,0,0,0,0,0,1,NA,NA,NA,NA,NA,NA,1330
"39",3,12,17,"BRHO","H","ACAM",1,2022-04-18,2022-06-16,NA,"10",31,2022-04-18,0,0,0,1,0,0,0,NA,NA,NA,NA,NA,NA,1334
"40",3,12,22,"BRHO","H","AMME",1,2022-04-01,2022-04-01,"A","18",29,2022-04-01,0,0,0,2,0,0,0,NA,NA,NA,NA,NA,NA,1339
"41",3,12,22,"BRHO","H","AMME",1,2022-04-18,2022-04-18,"B",NA,88,2022-04-18,0,0,0,0,1,0,1,NA,NA,NA,"perhaps accidentally planted or maybe growing as a weed? still usable!",NA,NA,11653
"42",3,12,23,"BRHO","H","LENI",2,2022-03-23,2022-03-23,NA,"18",35,2022-03-23,8,0,0,0,0,0,0,NA,NA,NA,NA,NA,NA,1340
"43",3,12,25,"BRHO","H","GITR",0,2022-04-15,NA,NA,"10",4,2022-04-15,2,0,0,2,1,0,0,NA,NA,NA,NA,NA,NA,1342
"44",3,22,7,"Control",NA,"LOMU",0,2022-05-13,NA,NA,"10",NA,2022-05-13,0,0,0,0,0,0,6,NA,NA,"other = 5 small grass weeds + pseudognaphylum",NA,NA,NA,1550
"45",3,22,8,"Control",NA,"BRHO",2,2022-04-20,2022-04-20,NA,"10",NA,2022-04-20,2,0,1,0,0,0,5,NA,NA,"other = small red grasses",NA,NA,NA,1551
"46",3,22,13,"Control",NA,"GITR",2,2022-04-15,2022-04-15,NA,"10",0,2022-04-15,3,0,0,0,0,0,6,NA,NA,NA,NA,NA,NA,1556
"47",3,22,15,"Control",NA,"TWIL",1,2022-04-12,2022-04-12,NA,"18",0,2022-04-12,7,0,0,0,1,0,9,NA,NA,NA,NA,NA,NA,1558
"48",3,22,17,"Control",NA,"PLER",3,2022-03-31,2022-03-31,NA,"10",NA,2022-03-31,3,0,1,0,0,0,0,NA,NA,NA,NA,NA,NA,1560
"49",3,22,20,"Control",NA,"LENI",1,2022-03-23,2022-03-23,NA,"18",NA,2022-03-23,14,0,0,0,0,0,24,NA,NA,NA,NA,NA,NA,1563
"50",3,22,21,"Control",NA,"ACAM",1,2022-06-02,2022-06-16,NA,"10",0,2022-06-02,0,0,0,2,0,0,7,NA,NA,NA,NA,NA,NA,1564
"51",3,22,22,"Control",NA,"AMME",0,2022-04-01,NA,NA,"18",NA,2022-04-01,12,0,0,0,0,0,23,NA,NA,NA,NA,NA,NA,1565
"52",3,22,24,"Control",NA,"THIR",1,2022-05-19,2022-05-19,NA,"18",NA,2022-05-19,20,0,1,0,0,0,14,NA,NA,"13 small grass and 1 fuzzy unknown (baby MAEL?)",NA,NA,NA,1567
"53",3,22,25,"Control",NA,"ANAR",1,2022-05-24,2022-06-10,"A","10",NA,2022-05-24,30,0,0,0,1,0,1,"2 veg phytos in sub. ",NA,NA,"South",NA,NA,1568
"54",3,22,25,"Control",NA,"ANAR",1,2022-05-24,2022-06-10,"B",NA,NA,2022-05-24,10,0,1,0,0,0,3,"Still veg 5/24  comeback soon. might die",NA,"other= smalll gass ","North",NA,NA,11970
"55",3,32,1,"BRHO","L","PLER",3,2022-03-31,2022-03-31,NA,"10",12,2022-03-31,4,0,0,0,0,0,0,NA,NA,NA,NA,NA,NA,1794
"56",3,32,3,"BRHO","L","LENI",1,2022-03-23,2022-03-23,NA,"18",25,2022-03-23,2,0,0,0,0,0,1,NA,NA,NA,NA,NA,NA,1796
"57",3,32,4,"BRHO","L","BRHO",1,2022-04-18,2022-04-18,NA,"10",32,2022-04-18,0,0,0,0,0,0,0,NA,NA,NA,"collected in sub 2 ",NA,NA,1797
"58",3,32,7,"BRHO","L","GITR",3,2022-04-13,2022-04-13,"A","10",11,2022-04-13,2,0,0,0,0,0,0,NA,NA,NA,NA,NA,NA,1800
"59",3,32,7,"BRHO","L","GITR",1,2022-04-13,2022-04-13,"B","10",12,2022-04-13,0,0,0,0,0,0,0,NA,NA,NA,NA,NA,NA,11593
"60",3,32,9,"BRHO","L","THIR",2,2022-04-18,2022-05-19,NA,"18",56,2022-04-18,0,0,0,0,0,0,4,NA,NA,NA,NA,NA,NA,1802
"61",3,32,10,"BRHO","L","ANAR",2,2022-04-18,2022-05-16,NA,"10",14,2022-04-18,0,0,0,1,0,0,0,NA,NA,NA,"there are a lot of weed ANAR around. I'm counting the two that are farthest W and near the N border of sub 10",NA,NA,1803
"62",3,32,13,"BRHO","L","TWIL",1,2022-04-12,2022-04-12,NA,"18",27,2022-04-12,7,0,0,1,0,0,0,NA,NA,NA,NA,NA,NA,1806
"63",3,32,16,"BRHO","L","ACAM",0,2022-04-18,NA,NA,"10",11,2022-04-18,0,0,1,5,1,0,7,NA,NA,NA,NA,NA,NA,1809
"64",3,32,18,"BRHO","L","LOMU",2,2022-04-18,2022-05-24,NA,"10",15,2022-04-18,5,0,0,2,0,0,3,NA,NA,NA,NA,NA,NA,1811
"65",3,32,21,"BRHO","L","AMME",0,2022-04-04,NA,NA,"18",30,2022-04-04,6,0,3,1,0,0,15,NA,NA,NA,NA,NA,NA,1814
"66",4,2,2,"BRHO","H","ANAR",1,2022-04-18,2022-05-10,NA,"10",18,2022-04-18,0,0,1,1,0,0,0,NA,NA,NA,NA,NA,NA,2111
"67",4,2,3,"BRHO","H","ACAM",1,2022-04-18,2022-06-16,NA,"10",26,2022-04-18,0,0,0,3,0,0,0,NA,NA,NA,NA,NA,NA,2112
"68",4,2,6,"BRHO","H","THIR",3,2022-04-18,2022-05-19,NA,"18",56,2022-04-18,0,0,0,0,0,0,1,NA,"completed partial collection 6/13. PARTIAL COLLECTION 2 of 3 indiv collected 5/19",NA,NA,NA,NA,2115
"69",4,2,11,"BRHO","H","PLER",2,2022-03-31,2022-03-31,NA,"10",9,2022-03-31,1,0,0,0,0,0,2,NA,NA,NA,NA,NA,NA,2120
"70",4,2,13,"BRHO","H","BRHO",1,2022-04-18,2022-04-18,NA,"10",19,2022-04-18,0,0,0,0,0,0,1,NA,NA,NA,NA,NA,NA,2122
"71",4,2,14,"BRHO","H","AMME",1,2022-04-01,2022-04-01,NA,"18",50,2022-04-01,11,0,2,0,0,0,1,NA,NA,NA,NA,NA,NA,2123
"72",4,2,18,"BRHO","H","TWIL",0,2022-04-11,NA,NA,"18",30,2022-04-11,0,0,0,0,0,0,2,NA,NA,NA,NA,NA,NA,2127
"73",4,2,20,"BRHO","H","LOMU",3,2022-04-18,2022-05-26,NA,"10",35,2022-04-18,0,0,0,0,0,0,0,"3 veg phytos not ready to collect. ",NA,NA,NA,NA,NA,2129
"74",4,2,21,"BRHO","H","GITR",2,2022-04-15,2022-04-15,NA,"10",18,2022-04-15,6,0,0,0,0,0,0,NA,NA,NA,NA,NA,NA,2130
"75",4,2,24,"BRHO","H","LENI",1,2022-03-21,2022-03-21,NA,"18",42,2022-03-21,9,0,0,1,0,0,1,NA,NA,NA,NA,NA,NA,2133
"76",4,3,2,"BRHO","L","ANAR",2,2022-04-18,2022-05-10,NA,"10",11,2022-04-18,10,0,0,0,0,0,1,NA,"completed partial 6/23 Jd PARTIAL COLLECTION 1 of 2 ON 5/10",NA,NA,NA,NA,2136
"77",4,3,3,"BRHO","L","ACAM",1,2022-04-18,2022-06-16,NA,"10",8,2022-04-18,10,0,0,0,0,0,3,NA,NA,NA,NA,NA,NA,2137
"78",4,3,6,"BRHO","L","THIR",1,2022-04-18,2022-05-19,NA,"18",7,2022-04-18,0,0,0,1,0,0,2,NA,NA,NA,NA,NA,NA,2140
"79",4,3,11,"BRHO","L","PLER",2,2022-03-31,2022-03-31,"A","10",5,2022-03-31,0,0,0,0,0,0,0,NA,NA,NA,NA,NA,NA,2145
"80",4,3,11,"BRHO","L","PLER",1,2022-04-18,2022-04-18,"B",NA,15,2022-04-18,0,0,0,0,0,0,1,NA,NA,NA,NA,NA,NA,11665
"81",4,3,13,"BRHO","L","BRHO",1,2022-04-18,2022-04-18,NA,"10",29,2022-04-18,0,0,0,1,0,0,1,NA,NA,NA,NA,NA,NA,2147
"82",4,3,14,"BRHO","L","AMME",0,2022-04-01,NA,NA,"18",31,2022-04-01,6,0,0,0,0,0,4,NA,NA,NA,NA,NA,NA,2148
"83",4,3,18,"BRHO","L","TWIL",1,2022-04-11,2022-04-11,NA,"18",15,2022-04-11,10,0,1,0,3,0,1,NA,NA,NA,NA,NA,NA,2152
"84",4,3,20,"BRHO","L","LOMU",1,2022-04-18,2022-05-26,NA,"10",14,2022-04-18,0,0,0,0,0,0,0,"1 veg phyto not ready to collect. ",NA,NA,NA,NA,NA,2154
"85",4,3,21,"BRHO","L","GITR",0,2022-04-15,NA,NA,"10",4,2022-04-15,7,0,0,1,0,0,3,NA,NA,NA,NA,NA,NA,2155
"86",4,3,24,"BRHO","L","LENI",1,2022-03-21,2022-03-21,NA,"18",22,2022-03-21,21,1,0,0,0,0,0,NA,NA,NA,NA,NA,NA,2158
"87",4,30,2,"Control",NA,"ANAR",1,2022-05-11,2022-05-11,"A","10",0,2022-05-11,0,0,0,0,0,0,0,NA,NA,NA,"likely not a seeded phyto. Found in sub 20 (no phyto). None in seeded subplot.",NA,NA,2811
"88",4,30,2,"Control",NA,"ANAR",1,2022-05-11,2022-05-11,"B","10",0,2022-05-11,0,0,0,0,0,0,0,NA,NA,NA,"likely not a seeded phyto. Found in 22 (no phyto). ",NA,NA,11904
"89",4,30,3,"Control",NA,"ACAM",1,2022-06-02,2022-06-17,NA,"10",NA,2022-06-02,1,0,0,1,0,0,1,NA,NA,NA,NA,NA,NA,2812
"90",4,30,6,"Control",NA,"THIR",0,2022-05-19,NA,NA,"18",NA,2022-05-19,0,0,0,0,0,0,0,NA,NA,NA,NA,NA,NA,2815
"91",4,30,11,"Control",NA,"PLER",1,2022-03-31,2022-03-31,"A","10",0,2022-03-31,0,0,0,0,0,0,0,NA,NA,NA,NA,NA,NA,2820
"92",4,30,11,"Control",NA,"PLER",1,2022-04-11,2022-04-11,"B",NA,0,2022-04-11,0,0,0,0,0,0,0,NA,NA,NA,NA,NA,NA,11958
"93",4,30,13,"Control",NA,"BRHO",3,2022-04-22,2022-04-22,NA,"10",NA,2022-04-22,1,0,0,0,0,0,0,NA,NA,NA,NA,NA,NA,2822
"94",4,30,14,"Control",NA,"AMME",1,2022-04-01,2022-04-13,NA,"18",NA,2022-04-01,2,0,0,0,1,0,6,NA,NA,NA,NA,NA,NA,2823
"95",4,30,18,"Control",NA,"TWIL",1,2022-04-11,2022-04-11,NA,"18",NA,2022-04-11,2,0,0,0,1,0,8,"sensced prior to collection",NA,NA,NA,NA,NA,2827
"96",4,30,20,"Control",NA,"LOMU",0,2022-05-16,NA,NA,"10",0,2022-05-16,0,0,0,1,0,0,4,NA,NA,"other = ACAM from adjacent plot",NA,NA,NA,2829
"97",4,30,21,"Control",NA,"GITR",2,2022-04-15,2022-04-15,"A","10",0,2022-04-15,0,0,0,0,1,0,3,NA,NA,NA,NA,NA,NA,2830
"98",4,30,21,"Control",NA,"GITR",1,2022-04-15,2022-04-15,"B","10",0,2022-04-15,0,0,1,0,0,0,4,NA,NA,NA,NA,NA,"found the unique individual in plot 29 subplot 25",11617
"99",4,30,24,"Control",NA,"LENI",1,2022-03-18,2022-03-18,NA,"18",NA,2022-03-18,3,0,1,0,0,0,8,NA,NA,NA,NA,NA,NA,2833
"100",5,13,2,"BRHO","H","LOMU",1,2022-04-19,2022-05-25,"A","10",38,2022-04-19,0,0,0,0,0,0,0,NA,NA,NA,"in sub 1",NA,NA,3404
"101",5,13,2,"BRHO","H","LOMU",1,2022-04-19,2022-05-25,"B",NA,47,2022-04-19,0,0,0,0,0,0,0,NA,NA,NA,"E of other phyto",NA,NA,11671
"102",5,13,5,"BRHO","H","THIR",2,2022-04-19,2022-05-20,NA,"18",61,2022-04-19,0,1,0,0,0,0,2,NA,NA,NA,NA,NA,NA,3407
"103",5,13,7,"BRHO","H","ANAR",1,2022-04-19,2022-05-11,NA,"10",56,2022-04-19,0,0,0,0,0,0,0,"already seeding",NA,NA,NA,NA,NA,3409
"104",5,13,8,"BRHO","H","PLER",2,2022-03-31,2022-03-31,NA,"10",18,2022-03-31,0,0,0,0,0,0,0,NA,NA,NA,NA,NA,NA,3410
"105",5,13,9,"BRHO","H","AMME",2,2022-04-01,2022-04-01,NA,"18",90,2022-04-01,1,0,0,0,0,0,4,NA,NA,NA,NA,NA,NA,3411
"106",5,13,11,"BRHO","H","GITR",2,2022-04-15,2022-04-15,NA,"10",11,2022-04-15,0,0,0,0,0,0,0,NA,NA,NA,NA,NA,NA,3413
"107",5,13,13,"BRHO","H","ACAM",1,2022-04-19,2022-06-17,NA,"10",27,2022-04-19,0,0,0,0,0,0,0,NA,NA,NA,"Westand slightly North of big CESO",NA,NA,3415
"108",5,13,16,"BRHO","H","BRHO",1,2022-04-19,2022-04-19,NA,"10",17,2022-04-19,0,0,0,0,0,0,0,NA,NA,NA,NA,NA,NA,3418
"109",5,13,19,"BRHO","H","TWIL",0,2022-04-11,NA,NA,"18",30,2022-03-11,0,0,0,0,0,0,0,NA,NA,NA,NA,NA,NA,3421
"110",5,13,25,"BRHO","H","LENI",1,2022-03-17,2022-03-17,NA,"18",13,2022-03-17,3,0,0,0,3,0,10,NA,NA,NA,NA,NA,NA,3427
"111",5,14,2,"Control",NA,"LOMU",2,2022-05-16,2022-05-25,NA,"10",0,2022-05-16,0,0,0,0,0,0,0,NA,NA,NA,NA,NA,NA,3429
"112",5,14,5,"Control",NA,"THIR",1,2022-05-20,2022-05-20,NA,"18",NA,2022-05-20,0,0,0,0,0,0,16,NA,NA,"other = tiny red grass",NA,NA,NA,3432
"113",5,14,7,"Control",NA,"ANAR",1,2022-05-11,2022-05-11,NA,"10",NA,2022-05-11,1,0,0,0,0,0,2,NA,NA,"Other = small red grass+ small true leaves possibly veg anar ? ","found in s. 1, ",NA,NA,3434
"114",5,14,8,"Control",NA,"PLER",3,2022-03-31,2022-03-31,NA,"10",NA,2022-03-31,1,0,0,0,1,0,2,NA,NA,"other includes ANAR & THIR",NA,NA,NA,3435
"115",5,14,9,"Control",NA,"AMME",1,2022-04-01,2022-04-01,NA,"18",NA,2022-04-01,3,0,0,0,1,0,16,NA,NA,NA,NA,NA,NA,3436
"116",5,14,11,"Control",NA,"GITR",3,2022-04-15,2022-04-15,NA,"10",0,2022-04-15,0,0,0,0,1,0,0,NA,NA,NA,NA,NA,NA,3438
"117",5,14,13,"Control",NA,"ACAM",0,2022-06-14,NA,NA,"10",NA,2022-06-14,0,0,0,0,1,0,0,NA,NA,NA,NA,NA,NA,3440
"118",5,14,16,"Control",NA,"BRHO",3,2022-04-22,2022-04-22,NA,"10",NA,2022-04-22,0,0,0,0,0,0,0,NA,NA,NA,NA,NA,NA,3443
"119",5,14,19,"Control",NA,"TWIL",0,2022-04-11,NA,NA,"18",0,2022-03-11,5,0,0,0,0,0,0,NA,NA,NA,NA,NA,NA,3446
"120",5,14,25,"Control",NA,"LENI",0,2022-03-17,NA,NA,"18",NA,2022-03-17,36,0,1,3,0,0,3,NA,NA,NA,NA,NA,NA,3452
"121",5,41,2,"BRHO","L","LOMU",1,2022-04-19,2022-05-26,NA,"10",17,2022-04-19,0,0,0,0,2,0,0,NA,NA,NA,NA,NA,NA,4104
"122",5,41,5,"BRHO","L","THIR",3,2022-04-19,2022-05-20,NA,"18",25,2022-04-19,0,0,0,0,2,0,2,NA,NA,NA,NA,NA,NA,4107
"123",5,41,7,"BRHO","L","ANAR",3,2022-04-19,2022-05-12,"A","10",16,2022-04-19,0,0,0,0,2,0,0,NA,"MW COMPLETED PARTIAL COLLECTION 3 of 3 individuals collected 6/23. one partial collection envelope was found, during processing, that was not sealed and didnt have any sample inside. phyto may have fallen out. there should now only be ONE envelop in collections for phyto unique A. ",NA,"N of other phyto",NA,NA,4109
"124",5,41,7,"BRHO","L","ANAR",1,2022-04-19,2022-05-12,"B",NA,18,2022-04-19,0,0,0,0,0,0,0,NA,NA,NA,NA,NA,NA,11675
"125",5,41,8,"BRHO","L","PLER",2,2022-03-31,2022-03-31,NA,"10",3,2022-03-31,0,0,0,2,0,0,2,NA,NA,NA,NA,NA,NA,4110
"126",5,41,9,"BRHO","L","AMME",2,2022-04-01,2022-04-01,NA,"18",30,2022-04-01,4,0,0,0,1,0,4,NA,NA,NA,NA,NA,NA,4111
"127",5,41,11,"BRHO","L","GITR",1,2022-04-15,2022-04-15,NA,"10",10,2022-04-15,0,0,0,0,0,0,0,NA,NA,NA,NA,NA,NA,4113
"128",5,41,13,"BRHO","L","ACAM",2,2022-04-19,2022-06-17,NA,"10",20,2022-04-19,0,0,0,0,0,0,1,NA,NA,NA,NA,NA,NA,4115
"129",5,41,16,"BRHO","L","BRHO",1,2022-04-19,2022-04-19,NA,"10",18,2022-04-19,0,0,0,0,0,0,0,NA,NA,NA,NA,NA,NA,4118
"130",5,41,19,"BRHO","L","TWIL",1,2022-04-11,2022-04-11,NA,"18",38,2022-03-11,0,0,0,0,1,0,4,NA,NA,NA,NA,NA,NA,4121
"131",5,41,25,"BRHO","L","LENI",0,2022-03-17,NA,NA,"18",19,2022-03-17,2,0,0,0,2,0,1,NA,NA,NA,"collected WUE here",NA,NA,4127
"132",6,5,1,"BRHO","H","BRHO",1,2022-04-25,2022-04-25,NA,"10",30,2022-04-25,0,0,1,0,0,0,0,NA,NA,NA,"collected in sub 4",NA,NA,4269
"133",6,5,2,"BRHO","H","ANAR",0,2022-04-25,NA,NA,"10",24,2022-04-25,0,0,1,0,0,0,0,NA,NA,NA,NA,NA,NA,4270
"134",6,5,8,"BRHO","H","TWIL",1,2022-04-12,2022-04-12,NA,"18",66,2022-04-12,0,0,4,0,0,0,0,NA,NA,NA,NA,NA,NA,4276
"135",6,5,12,"BRHO","H","PLER",1,2022-04-17,2022-04-17,NA,"10",1,2022-04-17,0,8,1,0,0,0,0,NA,NA,NA,NA,NA,NA,4280
"136",6,5,13,"BRHO","H","ACAM",1,2022-04-25,2022-06-20,NA,"10",115,2022-04-25,0,0,2,0,0,0,0,NA,NA,NA,"South of figa",NA,NA,4281
"137",6,5,17,"BRHO","H","LOMU",2,2022-04-25,2022-05-26,"A","10",47,2022-04-25,0,0,0,0,0,0,1,NA,NA,NA,"in sub 17, W of other phyto, on N- S axis together",NA,NA,4285
"138",6,5,17,"BRHO","H","LOMU",0,2022-04-25,NA,"B",NA,34,2022-04-25,0,0,0,1,0,0,0,NA,NA,NA,"RESOLVED;JA change phyto 1→0 .",NA,NA,11717
"139",6,5,19,"BRHO","H","AMME",0,2022-04-01,NA,NA,"18",59,2022-04-01,0,1,7,0,0,0,0,NA,NA,NA,NA,NA,NA,4287
"140",6,5,21,"BRHO","H","GITR",2,2022-04-17,2022-04-17,NA,"10",11,2022-04-17,0,0,2,0,0,0,0,NA,NA,NA,NA,NA,NA,4289
"141",6,5,22,"BRHO","H","THIR",0,2022-04-25,NA,NA,"18",36,2022-04-25,0,0,7,0,0,0,0,NA,NA,NA,NA,NA,NA,4290
"142",6,5,23,"BRHO","H","LENI",1,2022-03-17,2022-03-17,NA,"18",67,2022-03-17,0,0,0,0,0,0,3,NA,NA,NA,NA,NA,NA,4291
"143",6,16,1,"Control",NA,"BRHO",3,2022-04-22,2022-04-22,NA,"10",0,2022-04-22,0,0,1,0,0,0,2,NA,NA,NA,NA,NA,NA,4544
"144",6,16,2,"Control",NA,"ANAR",1,2022-05-16,2022-05-16,NA,"10",0,2022-05-16,0,0,2,0,0,0,0,NA,NA,NA,"Likey not a seed phyto . found in sub 1 adjacent to ANAR bkgd plot.Other ANAR's in other subs present but still veg.",NA,NA,4545
"145",6,16,8,"Control",NA,"TWIL",1,2022-04-12,2022-04-12,NA,"18",0,2022-04-12,0,0,7,1,0,0,0,NA,NA,NA,NA,NA,NA,4551
"146",6,16,12,"Control",NA,"PLER",1,2022-04-18,2022-04-18,NA,"10",NA,2022-04-18,0,0,3,2,0,0,0,NA,NA,NA,NA,NA,NA,4555
"147",6,16,13,"Control",NA,"ACAM",0,2022-06-15,NA,NA,"10",NA,2022-06-15,0,0,1,1,0,0,0,NA,NA,NA,NA,NA,NA,4556
"148",6,16,17,"Control",NA,"LOMU",0,2022-05-18,NA,NA,"10",NA,2022-05-18,0,0,2,0,0,0,1,NA,NA,"other= ANAR",NA,NA,NA,4560
"149",6,16,19,"Control",NA,"AMME",0,2022-04-01,NA,NA,"18",NA,2022-04-01,5,0,1,0,0,0,0,NA,NA,NA,NA,NA,NA,4562
"150",6,16,21,"Control",NA,"GITR",2,2022-04-18,2022-04-18,NA,"10",NA,2022-04-18,0,0,2,2,0,0,3,NA,NA,"other = 2 ANAR + PLER",NA,NA,NA,4564
"151",6,16,22,"Control",NA,"THIR",0,2022-05-23,NA,NA,"18",10,2022-05-23,2,0,0,0,0,0,0,NA,NA,NA,NA,NA,NA,4565
"152",6,16,23,"Control",NA,"LENI",0,2022-03-16,NA,NA,"18",NA,2022-03-16,0,0,6,0,0,0,1,NA,NA,NA,NA,NA,NA,4566
"153",6,41,1,"BRHO","L","BRHO",1,2022-04-25,2022-04-25,NA,"10",18,2022-04-25,0,0,0,2,0,0,0,NA,NA,NA,NA,NA,NA,5145
"154",6,41,2,"BRHO","L","ANAR",1,2022-04-25,2022-05-12,NA,"10",10,2022-04-25,0,0,0,1,0,0,0,NA,NA,NA,"Found in north buffer.",NA,NA,5146
"155",6,41,8,"BRHO","L","TWIL",0,2022-04-12,NA,NA,"18",38,2022-04-12,0,0,2,2,0,0,0,NA,NA,NA,NA,NA,NA,5152
"156",6,41,12,"BRHO","L","PLER",3,2022-04-18,2022-04-18,NA,"10",12,2022-04-18,0,0,0,2,0,0,0,NA,NA,NA,NA,NA,NA,5156
"157",6,41,13,"BRHO","L","ACAM",0,2022-04-25,NA,NA,"10",21,2022-04-25,0,0,1,3,0,0,0,NA,NA,NA,NA,NA,NA,5157
"158",6,41,17,"BRHO","L","LOMU",2,2022-04-25,2022-05-26,NA,"10",25,2022-04-25,0,0,0,3,0,0,1,NA,NA,NA,NA,NA,NA,5161
"159",6,41,19,"BRHO","L","AMME",1,2022-04-01,2022-04-01,NA,"18",20,2022-04-01,0,0,0,5,0,0,0,NA,NA,NA,NA,NA,NA,5163
"160",6,41,21,"BRHO","L","GITR",2,2022-04-18,2022-04-18,NA,"10",16,2022-04-18,0,0,1,1,0,0,0,NA,NA,NA,NA,NA,NA,5165
"161",6,41,22,"BRHO","L","THIR",1,2022-04-25,2022-05-24,NA,"18",68,2022-04-25,0,0,0,0,0,0,1,NA,NA,"other = LOMU",NA,NA,NA,5166
"162",6,41,23,"BRHO","L","LENI",1,2022-03-17,2022-03-17,NA,"18",32,2022-03-17,0,0,0,2,0,0,0,NA,NA,NA,NA,NA,NA,5167
"163",7,15,4,"Control",NA,"GITR",1,2022-04-19,2022-04-19,NA,"10",NA,2022-04-19,0,0,0,2,1,0,0,NA,NA,NA,NA,NA,NA,5564
"164",7,15,5,"Control",NA,"TWIL",0,2022-04-13,NA,NA,"18",NA,2022-04-13,0,0,0,9,3,0,1,NA,NA,NA,NA,NA,NA,5565
"165",7,15,6,"Control",NA,"LENI",2,2022-03-14,2022-03-14,NA,"18",NA,2022-03-14,0,0,0,9,1,0,2,NA,NA,"didn't separate SIGA to species",NA,NA,NA,5566
"166",7,15,7,"Control",NA,"THIR",2,2022-05-23,2022-05-23,NA,"18",NA,2022-05-23,0,0,0,0,0,0,1,NA,NA,"other= MAEL",NA,NA,NA,5567
"167",7,15,8,"Control",NA,"BRHO",3,2022-04-24,2022-04-24,NA,"10",NA,2022-04-24,0,0,0,3,0,0,2,NA,NA,"other Madia",NA,NA,NA,5568
"168",7,15,11,"Control",NA,"ACAM",1,2022-06-20,2022-06-20,NA,"10",NA,2022-06-20,0,0,0,1,0,0,0,NA,NA,NA,NA,NA,NA,5571
"169",7,15,12,"Control",NA,"PLER",3,2022-04-19,2022-04-19,NA,"10",NA,2022-04-19,0,0,0,2,0,0,0,NA,NA,NA,NA,NA,NA,5572
"170",7,15,13,"Control",NA,"ANAR",3,2022-05-12,2022-05-12,NA,"10",NA,2022-05-12,0,0,0,13,0,0,0,"seeding as of 05/04/2022",NA,NA,NA,NA,NA,5573
"171",7,15,17,"Control",NA,"AMME",0,2022-04-01,NA,NA,"18",0,2022-04-01,0,0,0,5,1,0,1,NA,NA,NA,NA,NA,NA,5577
"172",7,15,25,"Control",NA,"LOMU",2,2022-05-18,2022-05-27,NA,"10",NA,2022-05-18,0,0,0,2,0,0,0,NA,NA,NA,"RESOLVED; Jd changed phyto # from 1 →2",NA,NA,5585
"173",7,32,4,"BRHO","L","GITR",0,2022-04-19,NA,NA,"10",4,2022-04-18,0,0,0,2,0,0,0,NA,NA,NA,NA,NA,NA,5965
"174",7,32,5,"BRHO","L","TWIL",0,2022-04-13,NA,NA,"18",20,2022-04-13,0,0,0,14,0,0,0,NA,NA,NA,NA,NA,NA,5966
"175",7,32,6,"BRHO","L","LENI",0,2022-03-14,NA,NA,"18",39,2022-03-15,0,0,0,22,0,0,1,NA,NA,NA,NA,NA,NA,5967
"176",7,32,7,"BRHO","L","THIR",1,2022-04-22,2022-05-23,NA,"18",41,2022-04-22,0,0,0,10,0,0,0,NA,NA,NA,NA,NA,NA,5968
"177",7,32,8,"BRHO","L","BRHO",1,2022-04-22,2022-04-22,NA,"10",20,2022-04-22,0,0,0,5,0,0,0,NA,NA,NA,NA,NA,NA,5969
"178",7,32,11,"BRHO","L","ACAM",0,2022-04-22,NA,NA,"10",22,2022-04-22,0,0,0,5,0,0,0,NA,NA,NA,NA,NA,NA,5972
"179",7,32,12,"BRHO","L","PLER",0,2022-04-19,NA,NA,"10",4,2022-04-18,0,0,0,2,1,0,0,NA,NA,NA,NA,NA,NA,5973
"180",7,32,13,"BRHO","L","ANAR",0,2022-04-22,NA,NA,"10",21,2022-04-22,0,0,0,7,0,0,0,NA,NA,NA,NA,NA,NA,5974
"181",7,32,17,"BRHO","L","AMME",0,2022-04-01,NA,NA,"18",17,2022-04-01,0,0,0,13,1,0,0,NA,NA,NA,NA,NA,NA,5978
"182",7,32,25,"BRHO","L","LOMU",2,2022-04-22,2022-05-27,NA,"10",15,2022-04-22,0,0,0,3,0,0,0,NA,NA,NA,NA,NA,NA,5986
"183",7,41,4,"BRHO","H","GITR",1,2022-04-18,2022-04-18,NA,"10",18,2022-04-18,0,0,0,0,0,0,2,NA,NA,"other = THIR",NA,NA,NA,6190
"184",7,41,5,"BRHO","H","TWIL",0,2022-04-13,NA,NA,"18",39,2022-04-13,0,0,0,0,0,0,0,NA,NA,NA,NA,NA,NA,6191
"185",7,41,6,"BRHO","H","LENI",1,2022-03-14,2022-03-14,NA,"18",25,2022-03-15,0,0,0,0,0,0,1,NA,NA,NA,NA,NA,NA,6192
"186",7,41,7,"BRHO","H","THIR",1,2022-04-22,2022-05-23," ","18",92,2022-04-22,0,0,0,0,1,0,0,NA,NA,NA,"at N edge of sub",NA,NA,6193
"187",7,41,8,"BRHO","H","BRHO",1,2022-04-22,2022-04-22,NA,"10",39,2022-04-22,0,0,0,0,0,0,0,NA,NA,NA,NA,NA,NA,6194
"188",7,41,11,"BRHO","H","ACAM",1,2022-04-22,2022-06-16,NA,"10",48,2022-04-22,0,0,0,0,0,0,3,NA,NA,NA,NA,NA,NA,6197
"189",7,41,12,"BRHO","H","PLER",1,2022-04-18,2022-04-18,NA,"10",9,2022-04-18,0,1,0,0,0,0,1,NA,NA,"other = ANAR",NA,NA,NA,6198
"190",7,41,13,"BRHO","H","ANAR",2,2022-04-22,2022-06-13,NA,"10",18,2022-04-22,0,0,0,0,0,0,1,"Jd phyto veg did not collect 5/13",NA,"other: THIR ","I am using the 2 in the sub and ignoring the 5 on the N border and 1 on the E border",NA,NA,6199
"191",7,41,17,"BRHO","H","AMME",0,2022-04-01,NA,NA,"18",65,2022-04-01,0,0,0,3,0,0,0,NA,NA,NA,NA,NA,NA,6203
"192",7,41,25,"BRHO","H","LOMU",1,2022-04-22,2022-05-28,NA,"10",35,2022-04-22,0,0,0,0,0,0,11,NA,NA,"10 other = ANAR ",NA,NA,NA,6211
"193",8,6,4,"BRHO","L","ACAM",0,2022-04-22,NA,NA,"10",14,2022-04-22,0,0,0,0,0,0,1,NA,NA,"Other= THIR",NA,NA,NA,6381
"194",8,6,5,"BRHO","L","AMME",1,2022-04-01,2022-04-01,NA,"18",52,2022-04-01,0,0,0,0,0,0,0,NA,NA,NA,NA,NA,NA,6382
"195",8,6,6,"BRHO","L","BRHO",1,2022-04-22,2022-04-22,NA,"10",22,2022-04-22,0,0,0,0,0,0,0,NA,NA,NA,"collected in sub 13",NA,NA,6383
"196",8,6,8,"BRHO","L","PLER",1,2022-04-18,2022-04-18,NA,"10",14,2022-04-18,0,0,1,0,0,0,1,NA,NA,NA,NA,NA,NA,6385
"197",8,6,9,"BRHO","L","LENI",3,2022-03-15,2022-03-15,NA,"18",12,2022-03-15,0,0,0,0,1,0,1,NA,NA,NA,NA,NA,NA,6386
"198",8,6,10,"BRHO","L","THIR",1,2022-04-22,2022-05-23,NA,"18",48,2022-04-22,0,0,0,0,0,0,0,NA,NA,NA,NA,NA,NA,6387
"199",8,6,11,"BRHO","L","LOMU",2,2022-04-22,2022-05-30,NA,"10",10,2022-04-22,0,0,0,0,1,0,1,NA,NA,NA,NA,NA,NA,6388
"200",8,6,12,"BRHO","L","GITR",2,2022-04-18,2022-04-18,NA,"10",8,2022-04-18,0,0,0,0,0,0,0,NA,NA,NA,NA,NA,NA,6389
"201",8,6,19,"BRHO","L","ANAR",0,2022-04-22,NA,NA,"10",8,2022-04-22,0,0,0,1,1,0,0,NA,NA,NA,NA,NA,NA,6396
"202",8,6,25,"BRHO","L","TWIL",2,2022-04-13,2022-04-28,NA,"18",48,2022-04-13,0,0,0,0,1,0,1,"as of 4/13, 1 phytometer is still vegetative and did not harvest it. As of 4/28 located/collected I phyto.",NA,NA," Unsure if other one was previously collected?",NA,NA,6402
"203",8,25,4,"Control",NA,"ACAM",0,2022-06-20,NA,NA,"10",NA,2022-06-20,0,0,0,0,0,2,1,NA,NA,NA,NA,NA,NA,6832
"204",8,25,5,"Control",NA,"AMME",0,2022-04-04,NA,NA,"18",0,2022-04-04,0,0,0,0,0,0,0,NA,NA,NA,NA,NA,NA,6833
"205",8,25,6,"Control",NA,"BRHO",3,2022-04-25,2022-04-25,NA,"10",NA,2022-04-25,0,0,0,0,0,0,0,NA,NA,NA,NA,NA,NA,6834
"206",8,25,8,"Control",NA,"PLER",1,2022-04-19,2022-04-19,"A","10",0,2022-04-19,0,0,0,0,1,0,1,NA,NA,NA,NA,NA,NA,6836
"207",8,25,8,"Control",NA,"PLER",1,2022-05-12,2022-05-12,"B",NA,0,2022-05-12,0,0,0,0,0,0,0,NA,NA,NA,NA,NA,NA,11797
"208",8,25,9,"Control",NA,"LENI",1,2022-03-16,2022-03-16,NA,"18",0,2022-03-16,0,0,0,0,0,0,0,NA,NA,NA,NA,NA,NA,6837
"209",8,25,10,"Control",NA,"THIR",0,2022-05-24,NA,NA,"18",0,2022-05-24,0,0,0,0,0,0,0,NA,NA,NA,NA,NA,NA,6838
"210",8,25,11,"Control",NA,"LOMU",3,2022-05-30,2022-05-30,NA,"10",NA,2022-05-30,0,0,0,0,0,0,0,NA,NA,NA,NA,NA,NA,6839
"211",8,25,12,"Control",NA,"GITR",1,2022-04-18,2022-04-18,NA,"10",0,2022-04-18,0,0,0,0,0,0,0,NA,NA,NA,NA,NA,NA,6840
"212",8,25,19,"Control",NA,"ANAR",0,2022-05-13,NA,NA,"10",0,2022-05-13,0,0,0,0,0,0,0,NA,NA,NA,NA,NA,NA,6847
"213",8,25,25,"Control",NA,"TWIL",0,2022-04-12,NA,NA,"18",NA,2022-04-12,0,0,0,1,2,0,0,NA,NA,NA,NA,NA,NA,6853
"214",8,29,4,"BRHO","H","ACAM",0,2022-04-22,NA,NA,"10",15,2022-04-22,0,0,0,6,0,0,0,NA,NA,NA,NA,NA,NA,6932
"215",8,29,5,"BRHO","H","AMME",1,2022-04-01,2022-04-01,NA,"18",68,2022-04-01,0,0,0,52,1,0,3,NA,NA,NA,NA,NA,NA,6933
"216",8,29,6,"BRHO","H","BRHO",1,2022-04-22,2022-04-22,NA,"10",26,2022-04-22,0,0,0,3,0,0,0,NA,NA,NA,NA,NA,NA,6934
"217",8,29,8,"BRHO","H","PLER",2,2022-04-18,2022-04-18,NA,"10",12,2022-04-18,0,0,0,1,0,0,0,NA,NA,NA,NA,NA,NA,6936
"218",8,29,9,"BRHO","H","LENI",2,2022-03-16,2022-03-16,NA,"18",19,2022-03-16,0,0,0,13,0,0,0,NA,NA,NA,NA,NA,NA,6937
"219",8,29,10,"BRHO","H","THIR",2,2022-04-22,2022-05-24,NA,"18",91,2022-04-22,0,0,0,16,1,0,0,NA,NA,NA,NA,NA,NA,6938
"220",8,29,11,"BRHO","H","LOMU",2,2022-04-22,2022-05-30,NA,"10",28,2022-04-22,0,0,0,3,1,0,0,NA,NA,NA,NA,NA,NA,6939
"221",8,29,12,"BRHO","H","GITR",2,2022-04-18,2022-04-18,NA,"10",12,2022-04-18,0,0,0,3,0,0,0,NA,NA,NA,NA,NA,NA,6940
"222",8,29,19,"BRHO","H","ANAR",0,2022-04-22,NA,NA,"10",30,2022-04-22,0,0,0,2,0,0,0,NA,NA,NA,NA,NA,NA,6947
"223",8,29,25,"BRHO","H","TWIL",0,2022-04-13,NA,NA,"18",51,2022-04-13,0,0,0,16,1,1,1,NA,NA,NA,NA,NA,NA,6953
"224",12,9,1,"Control",NA,"ACAM",1,2022-06-03,2022-06-13,NA,"10",NA,2022-06-03,0,0,0,0,1,0,0,NA,NA,NA,NA,NA,NA,7495
"225",12,9,7,"Control",NA,"TWIL",0,2022-04-12,NA,NA,"18",NA,2022-04-12,10,0,0,0,0,0,1,NA,NA,NA,NA,NA,NA,7501
"226",12,9,9,"Control",NA,"LOMU",3,2022-05-17,2022-05-25,NA,"10",NA,2022-05-17,0,0,1,0,0,0,0,NA,NA,NA,NA,NA,NA,7503
"227",12,9,11,"Control",NA,"BRHO",2,2022-04-18,2022-04-18,NA,"10",0,2022-04-18,2,0,0,0,0,1,0,NA,NA,NA,NA,NA,NA,7505
"228",12,9,12,"Control",NA,"LENI",1,2022-03-28,2022-03-28,NA,"18",0,2022-03-28,0,2,0,0,0,2,3,NA,NA,NA,NA,NA,NA,7506
"229",12,9,13,"Control",NA,"PLER",1,2022-04-18,2022-04-18,NA,"10",0,2022-04-18,3,0,1,0,0,1,0,NA,NA,NA,NA,NA,NA,7507
"230",12,9,18,"Control",NA,"ANAR",1,2022-05-10,2022-06-10,NA,"10",NA,2022-05-10,3,0,0,0,0,0,0,"1 veg phyto in sub.",NA,NA,NA,NA,NA,7512
"231",12,9,20,"Control",NA,"THIR",1,2022-05-19,2022-05-19,NA,"18",NA,2022-05-19,0,0,0,0,0,0,0,NA,NA,NA,NA,NA,NA,7514
"232",12,9,21,"Control",NA,"AMME",1,2022-04-05,2022-04-05,NA,"18",NA,2022-04-05,4,1,0,0,0,0,1,NA,NA,NA,NA,NA,NA,7515
"233",12,9,24,"Control",NA,"GITR",1,2022-04-15,2022-04-15,NA,"10",NA,2022-04-15,3,0,0,0,0,2,2,NA,NA,NA,NA,NA,NA,7518
"234",12,10,1,"BRHO","H","ACAM",0,2022-04-18,NA,NA,"10",16,2022-04-18,0,0,0,0,0,0,0,NA,NA,NA,NA,NA,NA,7520
"235",12,10,7,"BRHO","H","TWIL",2,2022-04-12,2022-04-12,NA,"18",31,2022-04-12,5,0,0,0,0,0,0,NA,NA,NA,NA,NA,NA,7526
"236",12,10,9,"BRHO","H","LOMU",3,2022-04-18,2022-05-30,NA,"10",17,2022-04-18,0,0,0,0,0,0,0,NA,"Additional phyto found within neighborhood. phyto # changed from 2 to 3. ",NA,NA,NA,NA,7528
"237",12,10,11,"BRHO","H","BRHO",1,2022-04-18,2022-04-18,NA,"10",9,2022-04-18,9,0,0,0,0,0,0,NA,NA,NA,NA,NA,NA,7530
"238",12,10,12,"BRHO","H","LENI",1,2022-03-28,2022-03-28,NA,"18",47,2022-03-28,0,0,0,0,0,0,0,NA,NA,NA,NA,NA,NA,7531
"239",12,10,13,"BRHO","H","PLER",1,2022-04-18,2022-04-18,NA,"10",17,2022-04-18,0,0,0,0,0,0,0,NA,NA,NA,NA,NA,NA,7532
"240",12,10,18,"BRHO","H","ANAR",1,2022-05-10,2022-05-10,NA,"10",9,2022-05-10,2,0,0,0,0,0,0,"phyto Veg & senescing",NA,NA,"RESOLVED; Jd changed phyto# from 0 to 1 + censusing, ",NA,NA,7537
"241",12,10,20,"BRHO","H","THIR",3,2022-04-18,2022-05-20,NA,"18",16,2022-04-18,0,0,0,0,1,0,0,NA,NA,NA,NA,NA,NA,7539
"242",12,10,21,"BRHO","H","AMME",0,2022-04-05,NA,NA,"18",33,2022-04-05,5,0,0,0,0,0,0,NA,NA,NA,NA,NA,NA,7540
"243",12,10,24,"BRHO","H","GITR",1,2022-04-15,2022-04-15,NA,"10",15,2022-04-15,3,0,0,0,0,0,0,NA,NA,NA,NA,NA,NA,7543
"244",12,21,1,"BRHO","L","ACAM",0,2022-04-18,NA,NA,"10",5,2022-04-18,4,0,0,0,0,0,0,NA,NA,NA,NA,NA,NA,7795
"245",12,21,7,"BRHO","L","TWIL",2,2022-04-12,2022-04-12,NA,"18",14,2022-04-12,0,0,0,2,0,0,2,NA,NA,NA,NA,NA,NA,7801
"246",12,21,9,"BRHO","L","LOMU",2,2022-04-19,2022-05-25,NA,"10",7,2022-04-19,4,0,0,0,0,0,0,NA,"JA finish PARTIAL 1 of 2 6/10/22. PARTIAL COLLECTION 1 of 2 individuals as of 5/25",NA,"RESOLVED. Jd changed phyto # from 3→2 ",NA,NA,7803
"247",12,21,11,"BRHO","L","BRHO",1,2022-04-19,2022-04-19,NA,"10",4,2022-04-19,0,0,0,0,0,0,0,NA,NA,NA,NA,NA,NA,7805
"248",12,21,12,"BRHO","L","LENI",3,2022-03-22,2022-03-22,NA,"18",32,2022-03-22,1,0,0,2,0,0,0,NA,NA,NA,"both galium is very small, potential could be other",NA,NA,7806
"249",12,21,13,"BRHO","L","PLER",1,2022-04-18,2022-04-18,NA,"10",10,2022-04-18,0,0,0,0,0,0,0,NA,NA,NA,NA,NA,NA,7807
"250",12,21,18,"BRHO","L","ANAR",2,2022-05-10,2022-05-25,NA,"10",8,2022-05-10,4,0,0,1,0,0,0,NA,NA,NA,NA,NA,NA,7812
"251",12,21,20,"BRHO","L","THIR",1,2022-05-20,2022-05-20,NA,"18",8,2022-05-20,14,0,0,0,2,0,6,NA,NA,"other = 3 ANAR + 3 small basal rosettes","found in s. 23",NA,NA,7814
"252",12,21,21,"BRHO","L","AMME",0,2022-04-05,NA,NA,"18",8,2022-04-05,1,0,0,1,0,0,2,NA,NA,NA,NA,NA,NA,7815
"253",12,21,24,"BRHO","L","GITR",1,2022-04-13,2022-04-13,NA,"10",9,2022-04-13,8,0,1,0,1,0,3,NA,NA,NA,NA,NA,NA,7818
"254",14,4,2,"Control",NA,"LOMU",2,2022-05-16,2022-06-03,NA,"10",NA,2022-05-16,0,0,1,0,0,0,0,"2 phytos not ready to collect. ",NA,NA,NA,"plot: This plot was an empty plot but now could function as a control as it was seeded anyways",NA,8413
"255",14,4,5,"Control",NA,"ACAM",1,2022-06-13,2022-06-17,NA,"10",NA,2022-06-13,0,0,0,0,0,0,0,NA,NA,NA,NA,"plot: This plot was an empty plot but now could function as a control as it was seeded anyways",NA,8416
"256",14,4,8,"Control",NA,"ANAR",1,2022-05-10,2022-06-23,"A","10",0,2022-05-10,6,0,0,0,0,0,0,"AG: phyto flowering but looks like it will put out more flowers, not ready to collect as of 5/24/22",NA,NA,NA,"plot: This plot was an empty plot but now could function as a control as it was seeded anyways",NA,8419
"257",14,4,8,"Control",NA,"ANAR",1,2022-05-10,2022-05-10,"B","10",0,2022-05-10,0,0,0,0,0,0,0,NA,NA,NA,"phyto collected from sub 6.",NA,NA,11820
"258",14,4,9,"Control",NA,"GITR",2,2022-04-13,2022-04-13,NA,"10",NA,2022-04-13,1,0,0,0,0,1,0,NA,NA,NA,"1 gillia broken at base, added to other","plot: This plot was an empty plot but now could function as a control as it was seeded anyways",NA,8420
"259",14,4,11,"Control",NA,"TWIL",1,2022-04-12,2022-04-12,NA,"18",NA,2022-04-12,4,0,2,0,0,0,1,NA,NA,NA,NA,"plot: This plot was an empty plot but now could function as a control as it was seeded anyways",NA,8422
"260",14,4,15,"Control",NA,"THIR",0,2022-05-19,NA,NA,"18",0,2022-05-19,0,0,0,0,0,0,0,NA,NA,NA,NA,"plot: This plot was an empty plot but now could function as a control as it was seeded anyways",NA,8426
"261",14,4,20,"Control",NA,"BRHO",3,2022-04-19,2022-04-19,NA,"10",NA,2022-04-19,1,0,0,0,0,0,0,NA,NA,NA,NA,"plot: This plot was an empty plot but now could function as a control as it was seeded anyways",NA,8431
"262",14,4,21,"Control",NA,"PLER",2,2022-04-13,2022-04-13,NA,"10",NA,2022-04-13,0,0,0,3,0,0,0,NA,NA,NA,NA,"plot: This plot was an empty plot but now could function as a control as it was seeded anyways",NA,8432
"263",14,4,22,"Control",NA,"LENI",1,2022-03-21,2022-03-21,NA,"18",0,2022-03-21,0,0,1,0,0,1,2,NA,NA,NA,NA,"plot: This plot was an empty plot but now could function as a control as it was seeded anyways",NA,8433
"264",14,4,24,"Control",NA,"AMME",3,2022-04-04,2022-04-04,NA,"18",NA,2022-04-04,0,0,0,1,0,0,4,NA,NA,NA,NA,"plot: This plot was an empty plot but now could function as a control as it was seeded anyways",NA,8435
"265",14,6,2,"Control",NA,"LOMU",3,2022-05-16,2022-06-03,NA,"10",NA,2022-05-16,0,0,0,0,1,0,0,NA,NA,NA,NA,NA,NA,8463
"266",14,6,5,"Control",NA,"ACAM",2,2022-06-13,2022-06-17,NA,"10",NA,2022-06-13,0,0,0,0,1,0,0,NA,NA,NA,NA,NA,NA,8466
"267",14,6,8,"Control",NA,"ANAR",0,2022-05-10,NA,NA,"10",0,2022-05-10,0,0,1,1,0,0,0,NA,NA,NA,NA,NA,NA,8469
"268",14,6,9,"Control",NA,"GITR",2,2022-04-13,2022-04-13,"A","10",NA,2022-04-13,3,0,0,0,0,0,0,NA,NA,NA,NA,NA,NA,8470
"269",14,6,9,"Control",NA,"GITR",1,2022-04-13,2022-04-13,"B",NA,NA,2022-04-13,6,0,0,0,0,0,1,NA,NA,NA,NA,NA,NA,11597
"270",14,6,11,"Control",NA,"TWIL",0,2022-04-12,NA,NA,"18",NA,2022-04-12,0,0,0,0,0,0,1,NA,NA,NA,NA,NA,NA,8472
"271",14,6,15,"Control",NA,"THIR",2,2022-05-19,2022-05-19,NA,"18",0,2022-05-19,1,0,0,0,0,0,1,NA,NA,NA,NA,NA,NA,8476
"272",14,6,20,"Control",NA,"BRHO",3,2022-04-19,2022-04-19,NA,"10",NA,2022-04-19,0,0,0,0,0,0,0,NA,NA,NA,NA,NA,NA,8481
"273",14,6,21,"Control",NA,"PLER",3,2022-04-13,2022-04-13,NA,"10",NA,2022-04-13,0,0,0,0,0,0,1,NA,NA,NA,NA,NA,NA,8482
"274",14,6,22,"Control",NA,"LENI",0,2022-03-21,NA,NA,"18",0,2022-03-21,0,1,0,0,0,0,0,NA,NA,NA,NA,NA,NA,8483
"275",14,6,24,"Control",NA,"AMME",1,2022-04-04,2022-04-04,NA,"18",NA,2022-04-04,6,0,0,1,0,2,3,NA,NA,NA,NA,NA,NA,8485
"276",14,22,2,"BRHO","L","LOMU",3,2022-04-18,2022-06-03,NA,"10",12,2022-04-18,0,0,0,0,0,0,1,NA,"PARTIAL COLLECT 1 of 2 on 6l03.","other = LOMU","RESOLVED;JA change phyto 3→2.",NA,NA,8863
"277",14,22,5,"BRHO","L","ACAM",0,2022-04-18,NA,NA,"10",16,2022-04-18,0,0,0,0,0,1,0,NA,NA,NA,NA,NA,NA,8866
"278",14,22,8,"BRHO","L","ANAR",0,2022-04-18,NA,NA,"10",36,2022-04-18,0,0,0,0,0,0,0,NA,NA,NA,NA,NA,NA,8869
"279",14,22,9,"BRHO","L","GITR",0,2022-04-13,NA,NA,"10",2,2022-04-13,6,0,0,0,0,0,0,NA,NA,NA,NA,NA,NA,8870
"280",14,22,11,"BRHO","L","TWIL",2,2022-04-12,2022-04-12,NA,"18",45,2022-04-12,17,0,5,2,0,2,2,NA,NA,NA,NA,NA,NA,8872
"281",14,22,15,"BRHO","L","THIR",4,2022-04-18,2022-05-20,NA,"18",24,2022-04-18,0,0,1,2,1,1,0,NA,NA,NA,"there really are 4 phytos",NA,NA,8876
"282",14,22,20,"BRHO","L","BRHO",1,2022-04-18,2022-04-18,NA,"10",13,2022-04-18,0,0,1,1,0,0,0,NA,NA,NA,NA,NA,NA,8881
"283",14,22,21,"BRHO","L","PLER",3,2022-04-13,2022-04-13,NA,"10",5,2022-04-13,4,0,1,1,0,0,1,NA,NA,NA,NA,NA,NA,8882
"284",14,22,22,"BRHO","L","LENI",0,2022-03-21,NA,NA,"18",77,2022-03-21,34,0,0,1,0,1,3,NA,NA,NA,NA,NA,NA,8883
"285",14,22,24,"BRHO","L","AMME",2,2022-04-04,2022-04-04,NA,"18",25,2022-04-04,26,1,4,1,0,1,0,NA,NA,NA,NA,NA,NA,8885
"286",14,40,2,"BRHO","H","LOMU",1,2022-04-18,2022-05-25,NA,"10",25,2022-04-18,0,0,0,2,0,0,2,"1 veg phyto remaining not ready to collect. ",NA,"other = LOMU","RESOLVED; initially 3 phyto, 2 died before collection, couldn't relocate. ",NA,NA,9313
"287",14,40,5,"BRHO","H","ACAM",1,2022-04-18,2022-06-17,NA,"10",6,2022-04-18,0,0,0,1,0,0,6,NA,NA,"other =ANHR; ","phyto in buffer",NA,NA,9316
"288",14,40,8,"BRHO","H","ANAR",1,2022-04-18,2022-06-23,NA,"10",13,2022-04-18,0,0,0,0,0,0,0,"phyto veg, Not ready to collect",NA,NA,NA,NA,NA,9319
"289",14,40,9,"BRHO","H","GITR",3,2022-04-15,2022-04-15,NA,"10",18,2022-04-15,0,0,0,0,0,0,0,NA,NA,NA,NA,NA,NA,9320
"290",14,40,14,"BRHO","H","TWIL",0,2022-04-12,NA,NA,"18",77,2022-04-12,18,0,0,4,0,3,1,NA,NA,NA,NA,NA,"subplot: changed from empty -> TWIL-I",9325
"291",14,40,15,"BRHO","H","THIR",3,2022-04-18,2022-05-20,NA,"18",49,2022-04-18,0,0,0,1,0,1,1,NA,NA,"other = TACA plhyto ",NA,NA,NA,9326
"292",14,40,20,"BRHO","H","BRHO",1,2022-04-18,2022-04-18,NA,"10",49,2022-04-18,0,0,0,1,0,0,0,NA,NA,NA,NA,NA,NA,9331
"293",14,40,21,"BRHO","H","PLER",2,2022-04-15,2022-04-15,NA,"10",11,2022-04-15,1,0,0,1,0,1,1,NA,NA,NA,NA,NA,NA,9332
"294",14,40,22,"BRHO","H","LENI",3,2022-03-21,2022-03-21,NA,"18",34,2022-03-21,25,1,1,2,0,0,2,NA,NA,NA,NA,NA,NA,9333
"295",14,40,24,"BRHO","H","AMME",0,2022-04-04,NA,NA,"18",41,2022-04-04,9,0,0,1,0,0,0,NA,NA,NA,NA,NA,NA,9335
"296",15,15,4,"Control",NA,"GITR",2,2022-04-15,2022-04-15,NA,"10",NA,2022-04-15,0,0,0,1,0,0,1,NA,NA,"other = ANAR",NA,NA,NA,9756
"297",15,15,5,"Control",NA,"ACAM",1,2022-06-14,2022-06-17,NA,"10",NA,2022-06-14,0,0,0,1,0,0,1,NA,NA,NA,NA,NA,NA,9757
"298",15,15,8,"Control",NA,"BRHO",2,2022-04-20,2022-04-20,NA,"10",0,2022-04-20,0,0,0,0,2,0,0,NA,NA,NA,NA,NA,NA,9760
"299",15,15,11,"Control",NA,"ANAR",1,2022-05-26,2022-05-26,NA,"10",0,2022-05-26,0,0,0,0,0,0,0,NA,NA,NA,NA,NA,NA,9763
"300",15,15,13,"Control",NA,"THIR",1,2022-05-20,2022-05-20,NA,"18",NA,2022-05-20,5,0,0,5,0,0,1,NA,NA,"other= TACA",NA,NA,NA,9765
"301",15,15,15,"Control",NA,"PLER",2,2022-04-15,2022-04-15,NA,"10",NA,2022-04-15,0,0,0,2,0,1,0,NA,NA,NA,NA,NA,"subplot: added 2 seeds of TWIL-U accidentally - don't use if those germinate",9767
"302",15,15,21,"Control",NA,"LOMU",3,2022-05-17,2022-05-26,NA,"10",0,2022-05-17,0,0,0,2,1,2,1,NA,NA,"AG: other = THIR ","RESOLVED; changed phyto 1→3",NA,NA,9773
"303",15,15,22,"Control",NA,"AMME",2,2022-04-05,2022-04-05,NA,"18",NA,2022-04-05,28,0,0,6,4,0,2,NA,NA,NA,NA,NA,NA,9774
"304",15,15,23,"Control",NA,"LENI",2,2022-03-22,2022-03-22,NA,"18",0,2022-03-22,51,0,0,4,1,1,16,NA,NA,NA,NA,NA,NA,9775
"305",15,15,25,"Control",NA,"TWIL",1,2022-04-10,2022-04-10,NA,"18",NA,2022-04-10,38,0,0,5,1,0,4,NA,NA,NA,NA,NA,NA,9777
"306",15,19,4,"BRHO","H","GITR",3,2022-04-15,2022-04-15,NA,"10",18,2022-04-15,0,0,0,2,0,0,0,NA,NA,NA,NA,NA,NA,9856
"307",15,19,5,"BRHO","H","ACAM",1,2022-04-19,2022-06-17,NA,"10",21,2022-04-19,0,0,1,0,0,0,1,NA,NA,NA,NA,NA,NA,9857
"308",15,19,8,"BRHO","H","BRHO",1,2022-04-19,2022-04-19,NA,"10",12,2022-04-19,0,0,0,3,1,0,0,NA,NA,NA,NA,NA,NA,9860
"309",15,19,11,"BRHO","H","ANAR",1,2022-04-19,2022-06-13,NA,"10",16,2022-04-19,0,0,1,1,0,1,0,"in veg state as of 05/26/2022",NA,NA,"Phyto is south at sub 16.",NA,NA,9863
"310",15,19,13,"BRHO","H","THIR",3,2022-04-19,2022-05-20,NA,"18",37,2022-04-19,0,1,0,3,0,0,0,NA,NA,NA,NA,NA,NA,9865
"311",15,19,15,"BRHO","H","PLER",2,2022-04-15,2022-04-15,NA,"10",20,2022-04-15,0,0,0,0,1,0,0,NA,NA,NA,NA,NA,NA,9867
"312",15,19,21,"BRHO","H","LOMU",1,2022-04-19,2022-05-26,"A","10",10,2022-04-19,0,0,0,0,1,0,0,NA,NA,NA,NA,NA,NA,9873
"313",15,19,21,"BRHO","H","LOMU",1,2022-04-19,2022-05-26,"B","10",7,2022-04-19,0,0,0,1,0,0,2,NA,NA,NA,"phyto A is south on border. phyto B is on border east of phyto A.",NA,NA,11693
"314",15,19,21,"BRHO","H","LOMU",1,2022-05-26,2022-05-26,"C","10",10,2022-05-26,0,0,0,0,0,0,0,NA,NA,NA,NA,NA,NA,11965
"315",15,19,22,"BRHO","H","AMME",1,2022-04-05,2022-04-05,NA,"18",36,2022-04-05,0,0,0,4,1,0,2,NA,NA,NA,NA,NA,NA,9874
"316",15,19,23,"BRHO","H","LENI",0,2022-03-22,NA,NA,"18",71,2022-03-22,5,0,0,2,2,0,5,NA,NA,NA,NA,NA,NA,9875
"317",15,19,25,"BRHO","H","TWIL",0,2022-04-10,NA,NA,"18",40,2022-04-10,4,2,0,4,0,0,0,NA,NA,NA,NA,NA,NA,9877
"318",15,28,4,"BRHO","L","GITR",3,2022-04-15,2022-04-15,NA,"10",14,2022-04-15,0,0,0,0,0,0,0,NA,NA,NA,NA,NA,NA,10081
"319",15,28,5,"BRHO","L","ACAM",0,2022-04-19,NA,NA,"10",9,2022-04-19,0,0,0,0,2,1,1,NA,NA,NA,NA,NA,NA,10082
"320",15,28,8,"BRHO","L","BRHO",1,2022-04-19,2022-04-19,NA,"10",21,2022-04-19,0,0,1,0,0,0,0,NA,NA,NA,NA,NA,NA,10085
"321",15,28,11,"BRHO","L","ANAR",2,2022-06-01,2022-06-01,NA,"10",10,2022-05-31,0,0,0,0,0,0,0,"both still vegetative as of 05/03/2022",NA,NA,"RESOLVED; Jd changed phyto# from 1→2, recensused",NA,NA,10088
"322",15,28,13,"BRHO","L","THIR",3,2022-04-19,2022-05-20,NA,"18",35,2022-04-19,0,0,0,0,0,0,1,NA,NA,NA,NA,NA,NA,10090
"323",15,28,15,"BRHO","L","PLER",3,2022-04-15,2022-04-15,NA,"10",14,2022-04-15,0,0,0,0,0,0,1,NA,NA,"other = THIR",NA,NA,NA,10092
"324",15,28,21,"BRHO","L","LOMU",4,2022-04-19,2022-05-31,NA,"10",19,2022-04-19,0,0,0,0,0,0,0,NA,"JA finish partial collect 2 of 4 on 6/03. Jd partial collect 2 on 05/31. ",NA,"RESOLVED;JA Change phyto 3→4.",NA,NA,10098
"325",15,28,22,"BRHO","L","AMME",1,2022-04-06,2022-04-06,NA,"18",49,2022-04-06,1,0,0,3,0,0,1,NA,NA,NA,NA,NA,NA,10099
"326",15,28,23,"BRHO","L","LENI",3,2022-03-22,2022-03-22,NA,"18",51,2022-03-22,0,0,0,0,1,0,0,NA,NA,NA,NA,NA,NA,10100
"327",15,28,25,"BRHO","L","TWIL",1,2022-04-10,2022-04-10,NA,"18",50,2022-04-10,1,0,0,0,0,0,2,NA,NA,NA,"CORRECTED. Re-census on 04/19/2022. Changed phyto # from 0 to 1.",NA,NA,10102
"328",16,7,4,"BRHO","L","THIR",1,2022-04-17,2022-05-20,NA,"18",31,2022-04-17,0,0,2,1,0,0,0,NA,NA,NA,NA,NA,NA,10598
"329",16,7,5,"BRHO","L","BRHO",1,2022-04-17,2022-04-17,NA,"10",22,2022-04-17,0,0,0,0,0,0,1,NA,NA,NA,NA,NA,NA,10599
"330",16,7,13,"BRHO","L","LOMU",1,2022-04-17,2022-05-26,NA,"10",16,2022-04-17,0,0,1,0,0,0,1,NA,"initially 2 phytos, 1 died before collection, couldn't relocate. phyto # changed from 2 to 1. ","other = LOMU","RESOLVED: initially 2 phytos, 1 died before collection, couldn't relocate. phyto # changed from 2 to 1. ",NA,NA,10607
"331",16,7,14,"BRHO","L","TWIL",1,2022-04-12,2022-04-12,NA,"18",16,2022-04-12,0,0,1,0,0,0,2,NA,NA,NA,NA,NA,NA,10608
"332",16,7,16,"BRHO","L","PLER",2,2022-04-15,2022-04-15,NA,"10",9,2022-04-15,0,0,0,0,0,0,1,NA,NA,NA,NA,NA,NA,10610
"333",16,7,17,"BRHO","L","ANAR",2,2022-04-17,2022-05-12,NA,"10",10,2022-04-17,0,0,0,0,0,0,1,NA,NA,NA,"in very NE corner of sub 17, might be weeds, but still usable",NA,NA,10611
"334",16,7,19,"BRHO","L","AMME",2,2022-04-08,2022-04-08,NA,"18",34,2022-04-08,0,0,0,0,0,0,2,NA,NA,NA,NA,NA,NA,10613
"335",16,7,20,"BRHO","L","ACAM",0,2022-04-17,NA,NA,"10",9,2022-04-17,0,0,0,0,0,0,0,NA,NA,NA,NA,NA,NA,10614
"336",16,7,23,"BRHO","L","LENI",0,2022-03-22,NA,NA,"18",36,2022-03-22,0,0,0,0,0,0,1,NA,NA,NA,NA,NA,NA,10617
"337",16,7,24,"BRHO","L","GITR",0,2022-04-15,NA,NA,"10",11,2022-04-15,0,0,0,0,0,0,1,NA,NA,NA,NA,NA,NA,10618
"338",16,10,4,"Control",NA,"THIR",0,2022-05-20,NA,NA,"18",NA,2022-05-20,0,0,0,0,0,0,2,NA,NA,"Other= ANAR",NA,NA,NA,10673
"339",16,10,5,"Control",NA,"BRHO",3,2022-04-17,2022-04-17,NA,"10",0,2022-04-17,0,0,0,0,0,0,0,NA,NA,NA,NA,NA,NA,10674
"340",16,10,13,"Control",NA,"LOMU",1,2022-05-17,2022-06-20,NA,"10",NA,2022-05-17,0,0,0,0,0,0,0,NA,NA,NA,NA,NA,NA,10682
"341",16,10,14,"Control",NA,"TWIL",0,2022-04-12,NA,NA,"18",NA,2022-04-12,3,0,0,0,0,0,0,NA,NA,NA,NA,NA,NA,10683
"342",16,10,16,"Control",NA,"PLER",2,2022-04-17,2022-04-17,NA,"10",NA,2022-04-17,0,0,0,0,0,0,0,NA,NA,NA,NA,NA,NA,10685
"343",16,10,17,"Control",NA,"ANAR",1,2022-05-12,2022-06-13,NA,"10",NA,2022-05-12,0,0,0,0,0,0,0,"CE: phyto veg, not ready to collect as of 5/12. 1 veg phyto in sub",NA,NA,NA,NA,NA,10686
"344",16,10,19,"Control",NA,"AMME",0,2022-04-08,NA,NA,"18",0,2022-04-08,1,0,0,0,0,0,1,NA,NA,NA,NA,NA,NA,10688
"345",16,10,20,"Control",NA,"ACAM",1,2022-06-15,2022-06-17,NA,"10",NA,2022-06-15,0,0,0,0,0,0,1,NA,NA,NA,NA,NA,NA,10689
"346",16,10,23,"Control",NA,"LENI",1,2022-03-22,2022-03-22,NA,"18",NA,2022-03-22,0,0,0,0,0,0,0,NA,NA,NA,NA,NA,NA,10692
"347",16,10,24,"Control",NA,"GITR",2,2022-04-17,2022-04-17,NA,"10",NA,2022-04-17,0,0,0,0,1,0,0,NA,NA,NA,NA,NA,NA,10693
"348",16,23,4,"BRHO","H","THIR",2,2022-04-17,2022-05-23,NA,"18",58,2022-04-17,0,0,1,2,0,0,1,NA,NA,NA,NA,NA,NA,10998
"349",16,23,5,"BRHO","H","BRHO",1,2022-04-17,2022-04-17,NA,"10",14,2022-04-17,0,0,0,0,0,0,1,NA,NA,"other = MICA",NA,NA,NA,10999
"350",16,23,13,"BRHO","H","LOMU",3,2022-04-17,2022-05-26,NA,"10",20,2022-04-17,0,0,0,0,0,0,0,NA,NA,NA,NA,NA,NA,11007
"351",16,23,14,"BRHO","H","TWIL",0,2022-04-12,NA,NA,"18",26,2022-04-12,0,0,1,0,0,0,0,NA,NA,NA,NA,NA,NA,11008
"352",16,23,16,"BRHO","H","PLER",2,2022-04-17,2022-04-17,NA,"10",9,2022-04-17,0,0,0,1,0,0,1,NA,NA,"other = MIKA",NA,NA,NA,11010
"353",16,23,17,"BRHO","H","ANAR",0,2022-04-17,NA,NA,"10",21,2022-04-17,0,0,0,0,0,0,0,NA,NA,NA,NA,NA,NA,11011
"354",16,23,19,"BRHO","H","AMME",0,2022-04-08,NA,NA,"18",24,2022-04-08,0,0,1,0,1,0,0,NA,NA,NA,NA,NA,NA,11013
"355",16,23,20,"BRHO","H","ACAM",0,2022-04-17,NA,NA,"10",31,2022-04-17,0,0,3,1,0,0,0,NA,NA,NA,NA,NA,NA,11014
"356",16,23,23,"BRHO","H","LENI",1,2022-03-22,2022-03-22,"A","18",81,2022-03-22,0,0,0,1,0,0,0,NA,NA,NA,NA,NA,NA,11017
"357",16,23,23,"BRHO","H","LENI",1,2022-03-22,2022-03-22,"B","18",47,2022-03-22,0,0,0,0,0,0,1,NA,NA,NA,NA,NA,NA,11522
"358",16,23,24,"BRHO","H","GITR",2,2022-04-17,2022-04-17,"A","10",13,2022-04-17,0,0,1,0,0,0,1,NA,NA,NA,NA,NA,NA,11018
"359",16,23,24,"BRHO","H","GITR",1,2022-04-17,2022-04-17,"B",NA,16,2022-04-17,0,0,0,0,0,0,0,NA,NA,NA,NA,NA,NA,11692
"360",16,29,4,"Control",NA,"THIR",3,2022-05-23,2022-05-23,NA,"18",NA,2022-05-23,0,0,1,0,0,0,1,NA,NA,"other= BRNI",NA,NA,NA,11148
"361",16,29,5,"Control",NA,"BRHO",3,2022-04-17,2022-04-17,NA,"10",0,2022-04-17,0,0,1,0,0,0,0,NA,NA,NA,NA,NA,NA,11149
"362",16,29,13,"Control",NA,"LOMU",1,2022-05-17,2022-05-26,NA,"10",0,2022-05-17,0,0,0,0,0,0,1,NA,"initially 2 phytos, 1 died before collection, couldn't relocate. phyto # changed from 2 to 1. ","Other = BRNI, LOMU","RESOLVED; initially 2 phytos, 1 died before collection, couldn't relocate. phyto # changed from 2 to 1. ",NA,NA,11157
"363",16,29,14,"Control",NA,"TWIL",1,2022-04-12,2022-04-12,NA,"18",0,2022-04-12,0,0,2,0,0,0,0,NA,NA,NA,"found in subplot 15",NA,NA,11158
"364",16,29,16,"Control",NA,"PLER",0,2022-04-17,NA,NA,"10",NA,2022-04-17,0,0,0,0,0,0,1,NA,NA,"other = MICA",NA,NA,NA,11160
"365",16,29,17,"Control",NA,"ANAR",1,2022-05-12,2022-06-24,NA,"10",0,2022-05-12,0,0,0,0,0,0,0,"phyto veg as of 5/12. ",NA,NA,"Centered in sub 12",NA,NA,11161
"366",16,29,19,"Control",NA,"AMME",0,2022-04-08,NA,NA,"18",0,2022-04-08,0,0,0,0,0,0,0,NA,NA,NA,NA,NA,NA,11163
"367",16,29,20,"Control",NA,"ACAM",0,2022-06-15,NA,NA,"10",NA,2022-06-15,0,0,1,0,0,0,0,NA,NA,NA,NA,NA,NA,11164
"368",16,29,23,"Control",NA,"LENI",0,2022-03-23,NA,NA,"18",0,2022-03-23,0,0,1,0,0,0,0,NA,NA,NA,"I See LENI phyto in 2 diff subplots on 3/28",NA,NA,11167
"369",16,29,24,"Control",NA,"GITR",0,2022-04-17,NA,NA,"10",NA,2022-04-17,0,0,0,0,0,0,0,NA,NA,NA,NA,NA,NA,11168
