,treatment,block,plot,sub,bkgrd,dens,phyto,phyto.n.indiv,phyto.unique,complete.sample,total.biomass.g,inflor.g,seed.num,flower.num,total.stem.length.mm,empty.flower.num,pod.num,seeds.present,scale.ID,process.notes,census.notes,unique.ID,total.biomass.rounded.percap,inflor.g.rounded.percap,seed.num.percap,flower.num.percap,total.stem.length.mm.percap,empty.flower.num.percap,pod.num.percap,status 
1,D,6,12,NA,Stipa,NA,BRHO,2,NA,,4.91,1.984,NA,NA,NA,NA,NA,NA,NA,NA,NA,NA,2.455,0.992,NA,NA,NA,NA,NA,invasive 
2,C,5,9,NA,Stipa,NA,BRHO,2,NA,,3.501,1.833,NA,NA,NA,NA,NA,NA,NA,NA,NA,NA,1.7505,0.9165,NA,NA,NA,NA,NA,invasive 
3,C,8,6,NA,Stipa,NA,BRHO,2,NA,,7.157,3.098,NA,NA,NA,NA,NA,NA,NA,NA,NA,NA,3.5785,1.549,NA,NA,NA,NA,NA,invasive 
4,D,1,3,NA,Stipa,NA,BRHO,1,NA,,2.465,1.184,NA,NA,NA,NA,NA,NA,NA,NA,NA,NA,2.465,1.184,NA,NA,NA,NA,NA,invasive 
5,D,14,12,NA,Stipa,NA,BRHO,1,NA,,0.447,0.228,NA,NA,NA,NA,NA,NA,NA,NA,NA,NA,0.447,0.228,NA,NA,NA,NA,NA,invasive 
6,C,15,7,NA,Stipa,NA,BRHO,2,NA,,0.325,0.182,NA,NA,NA,NA,NA,NA,NA,NA,NA,NA,0.1625,0.091,NA,NA,NA,NA,NA,invasive 
7,C,5,12,NA,Stipa,NA,BRHO,2,NA,,3.07,1.555,NA,NA,NA,NA,NA,NA,NA,NA,NA,NA,1.535,0.7775,NA,NA,NA,NA,NA,invasive 
8,D,3,7,NA,Stipa,NA,BRHO,3,NA,,2.793,1.487,NA,NA,NA,NA,NA,NA,NA,NA,NA,NA,0.931,0.495666667,NA,NA,NA,NA,NA,invasive 
9,D,12,8,NA,Stipa,NA,BRHO,2,NA,,0.149,0.07,NA,NA,NA,NA,NA,NA,NA,NA,NA,NA,0.0745,0.035,NA,NA,NA,NA,NA,invasive 
10,C,11,8,NA,Stipa,NA,BRHO,1,NA,,1.61,0.808,NA,NA,NA,NA,NA,NA,NA,NA,NA,NA,1.61,0.808,NA,NA,NA,NA,NA,invasive 
11,C,11,9,NA,Stipa,NA,GITR,1,NA,,9.845,NA,NA,243,NA,NA,NA,NA,NA,NA,NA,NA,9.845,NA,NA,243,NA,NA,NA,native
12,C,7,6,NA,Stipa,NA,GITR,3,NA,,15.439,NA,NA,1006,NA,NA,NA,NA,NA,NA,NA,NA,5.146333333,NA,NA,335.3333333,NA,NA,NA,native
13,C,8,12,NA,Stipa,NA,GITR,2,NA,,6.735,NA,NA,385,NA,NA,NA,NA,NA,NA,NA,NA,3.3675,NA,NA,192.5,NA,NA,NA,native
14,C,15,3,NA,Stipa,NA,GITR,3,NA,,1.629,NA,NA,88,NA,NA,NA,NA,NA,NA,NA,NA,0.543,NA,NA,29.33333333,NA,NA,NA,native
15,D,12,6,NA,Stipa,NA,GITR,1,NA,,5.413,NA,NA,341,NA,NA,NA,NA,NA,NA,NA,NA,5.413,NA,NA,341,NA,NA,NA,native
16,D,14,1,NA,Stipa,NA,GITR,2,NA,,0.193,NA,NA,15,NA,NA,NA,NA,NA,NA,NA,NA,0.0965,NA,NA,7.5,NA,NA,NA,native
17,D,3,10,NA,Stipa,NA,GITR,3,NA,,2.743,NA,NA,147,NA,NA,NA,NA,NA,NA,NA,NA,0.914333333,NA,NA,49,NA,NA,NA,native
18,C,5,7,NA,Stipa,NA,GITR,3,NA,,0.664,NA,NA,42,NA,NA,NA,NA,NA,NA,NA,NA,0.221333333,NA,NA,14,NA,NA,NA,native
19,D,6,4,NA,Stipa,NA,GITR,3,NA,,2.075,NA,NA,109,NA,NA,NA,NA,NA,NA,NA,NA,0.691666667,NA,NA,36.33333333,NA,NA,NA,native
20,D,1,10,NA,Stipa,NA,GITR,0,NA,,NA,NA,NA,NA,NA,NA,NA,NA,NA,NA,NA,NA,NA,NA,NA,NA,NA,NA,NA,native
21,C,11,3,NA,Stipa,NA,LENI,3,NA,,20.9,NA,NA,NA,18650,NA,NA,NA,NA,NA,NA,NA,6.966666667,NA,NA,NA,6216.666667,NA,NA,native
22,C,7,5,NA,Stipa,NA,LENI,3,NA,,18.7,NA,NA,NA,19879.1,NA,NA,NA,NA,NA,NA,NA,6.233333333,NA,NA,NA,6626.366667,NA,NA,native
23,C,8,9,NA,Stipa,NA,LENI,1,NA,,7.84,NA,NA,NA,6633,NA,NA,NA,NA,NA,NA,NA,7.84,NA,NA,NA,6633,NA,NA,native
24,D,12,4,NA,Stipa,NA,LENI,1,NA,,3.11,NA,NA,NA,2644,NA,NA,NA,NA,NA,NA,NA,3.11,NA,NA,NA,2644,NA,NA,native
25,C,5,11,NA,Stipa,NA,LENI,3,NA,,2.1,NA,NA,NA,1795,NA,NA,NA,NA,NA,NA,NA,0.7,NA,NA,NA,598.3333333,NA,NA,native
26,D,1,9,NA,Stipa,NA,LENI,3,NA,,2.3,NA,NA,NA,2345,NA,NA,NA,NA,NA,NA,NA,0.766666667,NA,NA,NA,781.6666667,NA,NA,native
27,C,15,5,NA,Stipa,NA,LENI,1,NA,,0.44,NA,NA,NA,536,NA,NA,NA,NA,NA,NA,NA,0.44,NA,NA,NA,536,NA,NA,native
28,D,14,4,NA,Stipa,NA,LENI,2,NA,,1.92,NA,NA,NA,1958,NA,NA,NA,NA,NA,NA,NA,0.96,NA,NA,NA,979,NA,NA,native
29,D,6,7,NA,Stipa,NA,LENI,2,NA,,1.402,NA,NA,NA,1479,NA,NA,NA,NA,NA,NA,NA,0.701,NA,NA,NA,739.5,NA,NA,native
30,D,3,9,NA,Stipa,NA,LENI,1,NA,,0.247,NA,NA,NA,241,NA,NA,NA,NA,NA,NA,NA,0.247,NA,NA,NA,241,NA,NA,native
31,D,3,5,NA,Stipa,NA,PLER,3,NA,N,5.12,NA,NA,727,NA,3,NA,NA,NA,NA,NA,NA,1.706666667,NA,NA,242.3333333,NA,1,NA,native
32,C,11,2,NA,Stipa,NA,PLER,1,NA,Y,1.384,0.883,NA,NA,NA,NA,NA,NA,NA,NA,NA,NA,1.384,0.883,NA,NA,NA,NA,NA,native
33,D,12,1,NA,Stipa,NA,PLER,2,NA,Y,0.996,0.648,NA,NA,NA,NA,NA,NA,NA,NA,NA,NA,0.498,0.324,NA,NA,NA,NA,NA,native
34,C,5,10,NA,Stipa,NA,PLER,3,NA,N,1.891,NA,NA,237,NA,8,NA,NA,NA,NA,NA,NA,0.630333333,NA,NA,79,NA,2.666666667,NA,native
35,D,6,10,NA,Stipa,NA,PLER,2,NA,N,1.61,NA,NA,200,NA,14,NA,NA,NA,NA,NA,NA,0.805,NA,NA,100,NA,7,NA,native
36,D,14,6,NA,Stipa,NA,PLER,1,NA,N,0.843,NA,NA,115,NA,1,NA,NA,NA,NA,NA,NA,0.843,NA,NA,115,NA,1,NA,native
37,C,15,10,NA,Stipa,NA,PLER,3,NA,N,1.391,NA,NA,168,NA,8,NA,NA,NA,NA,NA,NA,0.463666667,NA,NA,56,NA,2.666666667,NA,native
38,C,7,1,NA,Stipa,NA,PLER,1,NA,Y,1.746,1.12,NA,NA,NA,NA,NA,NA,NA,NA,NA,NA,1.746,1.12,NA,NA,NA,NA,NA,native
39,C,8,5,NA,Stipa,NA,PLER,2,NA,N,2.14,NA,NA,265,NA,2,NA,NA,NA,NA,NA,NA,1.07,NA,NA,132.5,NA,1,NA,native
40,D,1,11,NA,Stipa,NA,PLER,0,NA,,NA,NA,NA,NA,NA,NA,NA,NA,NA,NA,NA,NA,NA,NA,NA,NA,NA,NA,NA,native
41,C,7,10,NA,Stipa,NA,THIR,1,NA,Y,5.549,3.167,NA,NA,NA,NA,NA,NA,NA,NA,NA,NA,5.549,3.167,NA,NA,NA,NA,NA,invasive 
42,C,11,6,NA,Stipa,NA,THIR,1,NA,Y,3.712,2.385,NA,NA,NA,NA,NA,NA,NA,NA,NA,NA,3.712,2.385,NA,NA,NA,NA,NA,invasive 
43,D,14,10,NA,Stipa,NA,THIR,2,NA,N,0.906,NA,66,NA,NA,NA,NA,NA,NA,NA,NA,NA,0.453,NA,33,NA,NA,NA,NA,invasive 
44,D,12,9,NA,Stipa,NA,THIR,4,NA,Y,2.162,1.291,NA,NA,NA,NA,NA,NA,NA,NA,NA,NA,0.5405,0.32275,NA,NA,NA,NA,NA,invasive 
45,D,1,12,NA,Stipa,NA,THIR,1,NA,Y,3.006,1.624,NA,NA,NA,NA,NA,NA,NA,NA,NA,NA,3.006,1.624,NA,NA,NA,NA,NA,invasive 
46,C,8,7,NA,Stipa,NA,THIR,1,NA,Y,0.568,0.276,NA,NA,NA,NA,NA,NA,NA,NA,NA,NA,0.568,0.276,NA,NA,NA,NA,NA,invasive 
47,D,6,5,NA,Stipa,NA,THIR,2,NA,Y,1.157,0.623,NA,NA,NA,NA,NA,NA,NA,NA,NA,NA,0.5785,0.3115,NA,NA,NA,NA,NA,invasive 
48,C,5,8,NA,Stipa,NA,THIR,1,NA,Y,0.044,NA,NA,NA,NA,NA,NA,NA,NA,NA,NA,NA,0.044,NA,NA,NA,NA,NA,NA,invasive 
49,D,1,5,NA,Stipa,NA,ANAR,2,NA,,0.053,NA,NA,NA,NA,NA,NA,NA,NA,NA,NA,NA,0.0265,NA,NA,NA,NA,NA,NA,invasive 
50,D,14,2,NA,Stipa,NA,ANAR,1,NA,,0.015,NA,NA,NA,NA,NA,NA,NA,NA,NA,NA,NA,0.015,NA,NA,NA,NA,NA,NA,invasive 
51,C,15,1,NA,Stipa,NA,ANAR,1,NA,,0.124,NA,NA,NA,NA,NA,NA,NA,NA,NA,NA,NA,0.124,NA,NA,NA,NA,NA,NA,invasive 
52,C,7,7,NA,Stipa,NA,ANAR,2,NA,,0.262,NA,NA,NA,NA,NA,NA,NA,NA,NA,NA,NA,0.131,NA,NA,NA,NA,NA,NA,invasive 
53,D,12,5,NA,Stipa,NA,ANAR,1,NA,,0.047,NA,NA,NA,NA,NA,NA,NA,NA,NA,NA,NA,0.047,NA,NA,NA,NA,NA,NA,invasive 
54,C,5,9,NA,Stipa,NA,ANAR,2,NA,,0.055,NA,NA,NA,NA,NA,NA,NA,NA,NA,NA,NA,0.0275,NA,NA,NA,NA,NA,NA,invasive 
55,C,7,4,NA,Stipa,NA,LOMU,1,NA,,12.413,NA,NA,NA,284.4,NA,NA,NA,NA,NA,NA,NA,12.413,NA,NA,NA,284.4,NA,NA,invasive 
56,D,3,4,NA,Stipa,NA,LOMU,2,NA,,30.35,NA,NA,NA,483.1,NA,NA,NA,NA,NA,NA,NA,15.175,NA,NA,NA,241.55,NA,NA,invasive 
57,C,8,10,NA,Stipa,NA,LOMU,1,NA,,20.33,NA,NA,NA,505.8,NA,NA,NA,NA,NA,NA,NA,20.33,NA,NA,NA,505.8,NA,NA,invasive 
58,D,1,7,NA,Stipa,NA,LOMU,3,NA,,10.928,NA,NA,NA,247.4,NA,NA,NA,NA,NA,NA,NA,3.642666667,NA,NA,NA,82.46666667,NA,NA,invasive 
59,C,5,1,NA,Stipa,NA,LOMU,1,NA,,7.423,NA,NA,NA,202.4,NA,NA,NA,NA,NA,NA,NA,7.423,NA,NA,NA,202.4,NA,NA,invasive 
60,C,11,10,NA,Stipa,NA,LOMU,1,NA,,14.731,NA,NA,NA,299.3,NA,NA,NA,NA,NA,NA,NA,14.731,NA,NA,NA,299.3,NA,NA,invasive 
61,C,15,4,NA,Stipa,NA,LOMU,1,NA,,6.39,NA,NA,NA,284.4,NA,NA,NA,NA,NA,NA,NA,6.39,NA,NA,NA,284.4,NA,NA,invasive 
62,D,14,3,NA,Stipa,NA,LOMU,3,NA,,2.669,NA,NA,NA,47.9,NA,NA,NA,NA,NA,NA,NA,0.889666667,NA,NA,NA,15.96666667,NA,NA,invasive 
63,D,12,2,NA,Stipa,NA,LOMU,2,NA,,3.113,NA,NA,NA,72.2,NA,NA,NA,NA,NA,NA,NA,1.5565,NA,NA,NA,36.1,NA,NA,invasive 
64,D,6,11,NA,Stipa,NA,LOMU,1,NA,,3.238,NA,NA,NA,90.7,NA,NA,NA,NA,NA,NA,NA,3.238,NA,NA,NA,90.7,NA,NA,invasive 
65,C,8,4,NA,Stipa,NA,TWIL,1,NA,,0.145,NA,NA,NA,NA,NA,NA,NA,NA,NA,NA,NA,0.145,NA,NA,NA,NA,NA,NA,native
66,C,11,12,NA,Stipa,NA,TWIL,1,NA,,0.081,NA,NA,NA,NA,NA,NA,NA,NA,NA,NA,NA,0.081,NA,NA,NA,NA,NA,NA,native
67,D,1,6,NA,Stipa,NA,TWIL,1,NA,,0.106,NA,NA,NA,NA,NA,NA,NA,NA,NA,NA,NA,0.106,NA,NA,NA,NA,NA,NA,native
68,C,15,2,NA,Stipa,NA,TWIL,1,NA,,0.132,NA,NA,NA,NA,NA,NA,NA,NA,NA,NA,NA,0.132,NA,NA,NA,NA,NA,NA,native
69,D,12,10,NA,Stipa,NA,TWIL,1,NA,,0.049,NA,NA,NA,NA,NA,NA,NA,NA,NA,NA,NA,0.049,NA,NA,NA,NA,NA,NA,native
70,D,3,8,NA,Stipa,NA,TWIL,0,NA,,NA,NA,NA,NA,NA,NA,NA,NA,NA,NA,NA,NA,NA,NA,NA,NA,NA,NA,NA,native
71,C,5,4,NA,Stipa,NA,TWIL,0,NA,,NA,NA,NA,NA,NA,NA,NA,NA,NA,NA,NA,NA,NA,NA,NA,NA,NA,NA,NA,native
72,D,6,6,NA,Stipa,NA,TWIL,0,NA,,NA,NA,NA,NA,NA,NA,NA,NA,NA,NA,NA,NA,NA,NA,NA,NA,NA,NA,NA,native
73,C,7,8,NA,Stipa,NA,TWIL,0,NA,,NA,NA,NA,NA,NA,NA,NA,NA,NA,NA,NA,NA,NA,NA,NA,NA,NA,NA,NA,native
74,D,14,8,NA,Stipa,NA,TWIL,0,NA,,NA,NA,NA,NA,NA,NA,NA,NA,NA,NA,NA,NA,NA,NA,NA,NA,NA,NA,NA,native
75,D,1,10,13,BRHO,H,ACAM,1,A,Y,0.028,NA,NA,NA,NA,NA,NA,NA,F,NA,NA,NA,0.028,NA,NA,NA,NA,NA,NA,native
76,D,1,10,13,BRHO,H,ACAM,1,B,Y,0.066,NA,NA,NA,NA,NA,NA,NA,F,NA,NA,NA,0.066,NA,NA,NA,NA,NA,NA,native
77,D,1,36,19,BRHO,L,ACAM,1,A,Y,0.062,NA,NA,NA,NA,NA,NA,NA,F,NA,NA,NA,0.062,NA,NA,NA,NA,NA,NA,native
78,D,1,36,19,BRHO,L,ACAM,1,B,Y,0.147,NA,NA,NA,NA,NA,NA,NA,F,NA,NA,NA,0.147,NA,NA,NA,NA,NA,NA,native
79,D,1,39,1,Control,NA,ACAM,1,NA,Y,0.102,NA,NA,NA,NA,NA,NA,NA,F,NA,NA,NA,0.102,NA,NA,NA,NA,NA,NA,native
80,D,3,12,17,BRHO,H,ACAM,1,NA,Y,11.9439,NA,NA,NA,NA,NA,NA,NA,A,big,NA,NA,11.944,NA,NA,NA,NA,NA,NA,native
81,D,3,22,21,Control,NA,ACAM,1,NA,Y,0.3271,NA,NA,NA,NA,NA,NA,NA,A,NA,NA,NA,0.327,NA,NA,NA,NA,NA,NA,native
82,D,4,2,3,BRHO,H,ACAM,1,NA,Y,0.0394,NA,NA,NA,NA,NA,NA,NA,A,NA,NA,NA,0.039,NA,NA,NA,NA,NA,NA,native
83,D,4,3,3,BRHO,L,ACAM,1,NA,Y,0.0217,NA,NA,NA,NA,NA,NA,NA,A,NA,NA,NA,0.022,NA,NA,NA,NA,NA,NA,native
84,D,4,30,3,Control,NA,ACAM,1,NA,Y,0.0753,NA,NA,NA,NA,NA,NA,NA,A,NA,NA,NA,0.075,NA,NA,NA,NA,NA,NA,native
85,C,5,13,13,BRHO,H,ACAM,1,NA,Y,2.462,NA,NA,NA,NA,NA,NA,NA,F,NA,NA,NA,2.462,NA,NA,NA,NA,NA,NA,native
86,C,5,41,13,BRHO,L,ACAM,2,NA,Y,0.273,NA,NA,NA,NA,NA,NA,NA,F,NA,NA,NA,0.1365,NA,NA,NA,NA,NA,NA,native
87,D,6,5,13,BRHO,H,ACAM,1,NA,Y,0.0131,NA,NA,NA,NA,NA,NA,NA,A,NA,NA,NA,0.013,NA,NA,NA,NA,NA,NA,native
88,C,7,15,11,Control,NA,ACAM,1,NA,Y,0.676,NA,NA,NA,NA,NA,NA,NA,F,NA,NA,NA,0.676,NA,NA,NA,NA,NA,NA,native
89,C,7,41,11,BRHO,H,ACAM,1,NA,Y,2.706,NA,NA,NA,NA,NA,NA,NA,F,NA,NA,NA,2.706,NA,NA,NA,NA,NA,NA,native
90,D,12,9,1,Control,NA,ACAM,1,NA,Y,0.467,NA,NA,NA,NA,NA,NA,NA,F,NA,NA,NA,0.467,NA,NA,NA,NA,NA,NA,native
91,D,14,4,5,Control,NA,ACAM,1,NA,Y,0.326,NA,NA,NA,NA,NA,NA,NA,F,NA,NA,NA,0.326,NA,NA,NA,NA,NA,NA,native
92,D,14,6,5,Control,NA,ACAM,2,NA,Y,1.291,NA,NA,NA,NA,NA,NA,NA,F,NA,NA,NA,0.6455,NA,NA,NA,NA,NA,NA,native
93,D,14,40,5,BRHO,H,ACAM,1,NA,Y,0.13,NA,NA,NA,NA,NA,NA,NA,F,NA,NA,NA,0.13,NA,NA,NA,NA,NA,NA,native
94,C,15,15,5,Control,NA,ACAM,1,NA,Y,0.4218,NA,NA,NA,NA,NA,NA,NA,A,NA,NA,NA,0.422,NA,NA,NA,NA,NA,NA,native
95,C,15,19,5,BRHO,H,ACAM,1,NA,Y,0.0784,NA,NA,NA,NA,NA,NA,NA,A,NA,NA,NA,0.078,NA,NA,NA,NA,NA,NA,native
96,D,1,10,8,BRHO,H,ANAR,2,NA,Y,0.09836,NA,NA,NA,NA,NA,NA,NA,D,NA,RESOLVED; JA Change phyto 0→2. ,NA,0.04918,NA,NA,NA,NA,NA,NA,invasive 
97,D,3,12,7,BRHO,H,ANAR,1,NA,Y,0.06627,NA,NA,NA,NA,NA,NA,NA,D,NA,NA,NA,0.06627,NA,NA,NA,NA,NA,NA,invasive 
98,D,3,22,25,Control,NA,ANAR,1,A,Y,0.68292,NA,NA,NA,NA,NA,NA,NA,D,NA,South,NA,0.68292,NA,NA,NA,NA,NA,NA,invasive 
99,D,3,22,25,Control,NA,ANAR,1,B,Y,0.47339,NA,NA,NA,NA,NA,NA,NA,D,NA,North,NA,0.47339,NA,NA,NA,NA,NA,NA,invasive 
100,D,3,32,10,BRHO,L,ANAR,2,NA,Y,0.29692,NA,NA,NA,NA,NA,NA,NA,D,NA,there are a lot of weed ANAR around. I'm counting the two that are farthest W and near the N border of sub 10,NA,0.14846,NA,NA,NA,NA,NA,NA,invasive 
101,D,4,2,2,BRHO,H,ANAR,1,NA,Y,0.24314,NA,NA,NA,NA,NA,NA,NA,D,NA,NA,NA,0.24314,NA,NA,NA,NA,NA,NA,invasive 
102,D,4,3,2,BRHO,L,ANAR,2,NA,Y,0.18774,NA,NA,NA,NA,NA,NA,NA,D,NA,NA,NA,0.09387,NA,NA,NA,NA,NA,NA,invasive 
103,D,4,30,2,Control,NA,ANAR,1,A,Y,0.3856,NA,NA,NA,NA,NA,NA,NA,D,NA,likely not a seeded phyto. Found in sub 20 (no phyto). None in seeded subplot.,NA,0.3856,NA,NA,NA,NA,NA,NA,invasive 
104,D,4,30,2,Control,NA,ANAR,1,B,Y,0.5506,NA,NA,NA,NA,NA,NA,NA,D,NA,likely not a seeded phyto. Found in 22 (no phyto). ,NA,0.5506,NA,NA,NA,NA,NA,NA,invasive 
105,C,5,14,7,Control,NA,ANAR,1,NA,Y,1.07514,NA,NA,NA,NA,NA,NA,NA,D,NA,"found in s. 1, ",NA,1.07514,NA,NA,NA,NA,NA,NA,invasive 
106,C,5,41,7,BRHO,L,ANAR,3,A,Y,0.16158,NA,NA,NA,NA,NA,NA,NA,D,NA,N of other phyto,NA,0.05386,NA,NA,NA,NA,NA,NA,invasive 
107,D,6,16,2,Control,NA,ANAR,1,NA,Y,0.1132,NA,NA,NA,NA,NA,NA,NA,D,NA,Likey not a seed phyto . found in sub 1 adjacent to ANAR bkgd plot.Other ANAR's in other subs present but still veg.,NA,0.1132,NA,NA,NA,NA,NA,NA,invasive 
108,D,6,41,2,BRHO,L,ANAR,1,NA,Y,0.27492,NA,NA,NA,NA,NA,NA,NA,D,NA,Found in north buffer.,NA,0.27492,NA,NA,NA,NA,NA,NA,invasive 
109,C,7,15,13,Control,NA,ANAR,3,NA,Y,0.29608,NA,NA,NA,NA,NA,NA,NA,D,NA,NA,NA,0.098693333,NA,NA,NA,NA,NA,NA,invasive 
110,C,7,41,13,BRHO,H,ANAR,2,NA,Y,0.06163,NA,NA,NA,NA,NA,NA,NA,D,NA,I am using the 2 in the sub and ignoring the 5 on the N border and 1 on the E border,NA,0.030815,NA,NA,NA,NA,NA,NA,invasive 
111,D,12,9,18,Control,NA,ANAR,1,NA,Y,0.07132,NA,NA,NA,NA,NA,NA,NA,D,NA,NA,NA,0.07132,NA,NA,NA,NA,NA,NA,invasive 
112,D,12,10,18,BRHO,H,ANAR,1,NA,Y,0.01059,NA,NA,NA,NA,NA,NA,NA,D,NA,"RESOLVED; Jd changed phyto# from 0 to 1 + censusing, ",NA,0.01059,NA,NA,NA,NA,NA,NA,invasive 
113,D,12,21,18,BRHO,L,ANAR,2,NA,Y,0.00516,NA,NA,NA,NA,NA,NA,NA,D,NA,NA,NA,0.00258,NA,NA,NA,NA,NA,NA,invasive 
114,D,14,4,8,Control,NA,ANAR,1,A,Y,0.92548,NA,NA,NA,NA,NA,NA,NA,D,NA,NA,NA,0.92548,NA,NA,NA,NA,NA,NA,invasive 
115,D,14,4,8,Control,NA,ANAR,1,B,Y,0.0284,NA,NA,NA,NA,NA,NA,NA,D,NA,phyto collected from sub 6.,NA,0.0284,NA,NA,NA,NA,NA,NA,invasive 
116,D,14,40,8,BRHO,H,ANAR,1,NA,Y,0.02421,NA,NA,NA,NA,NA,NA,NA,D,NA,NA,NA,0.02421,NA,NA,NA,NA,NA,NA,invasive 
117,C,15,15,11,Control,NA,ANAR,1,NA,Y,0.12999,NA,NA,NA,NA,NA,NA,NA,D,NA,NA,NA,0.12999,NA,NA,NA,NA,NA,NA,invasive 
118,C,15,19,11,BRHO,H,ANAR,1,NA,Y,0.05326,NA,NA,NA,NA,NA,NA,NA,D,NA,Phyto is south at sub 16.,NA,0.05326,NA,NA,NA,NA,NA,NA,invasive 
119,C,15,28,11,BRHO,L,ANAR,2,NA,Y,0.19935,NA,NA,NA,NA,NA,NA,NA,D,NA,"RESOLVED; Jd changed phyto# from 1→2, recensused",NA,0.099675,NA,NA,NA,NA,NA,NA,invasive 
120,C,16,7,17,BRHO,L,ANAR,2,NA,Y,0.35643,NA,NA,NA,NA,NA,NA,NA,D,NA,"in very NE corner of sub 17, might be weeds, but still usable",NA,0.178215,NA,NA,NA,NA,NA,NA,invasive 
121,C,16,10,17,Control,NA,ANAR,1,NA,Y,0.60543,NA,NA,NA,NA,NA,NA,NA,D,NA,NA,NA,0.60543,NA,NA,NA,NA,NA,NA,invasive 
122,C,16,29,17,Control,NA,ANAR,1,NA,Y,0.28694,NA,NA,NA,NA,NA,NA,NA,D,NA,Centered in sub 12,NA,0.28694,NA,NA,NA,NA,NA,NA,invasive 
123,D,1,10,18,BRHO,H,BRHO,1,NA,Y,NA,0.0904,NA,NA,NA,NA,NA,NA,A,NA,NA,243,NA,0.09,NA,NA,NA,NA,NA,invasive 
124,D,1,36,3,BRHO,L,BRHO,1,NA,Y,NA,0.0402,NA,NA,NA,NA,NA,NA,A,NA,NA,854,NA,0.04,NA,NA,NA,NA,NA,invasive 
125,D,1,39,9,Control,NA,BRHO,2,NA,Y,NA,0.7928,NA,NA,NA,NA,NA,NA,A,NA,other= THIR,935,NA,0.3965,NA,NA,NA,NA,NA,invasive 
126,D,3,12,8,BRHO,H,BRHO,1,NA,Y,NA,0.0216,NA,NA,NA,NA,NA,NA,A,NA,NA,1325,NA,0.022,NA,NA,NA,NA,NA,invasive 
127,D,3,22,8,Control,NA,BRHO,2,NA,Y,1.5802,0.631,580,NA,NA,NA,NA,NA,A,NA,other = small red grasses,1551,0.79,0.3155,290,NA,NA,NA,NA,invasive 
128,D,3,32,4,BRHO,L,BRHO,1,NA,Y,0.1341,0.0427,43,NA,NA,NA,NA,NA,A,NA,collected in sub 2 ,1797,0.134,0.043,43,NA,NA,NA,NA,invasive 
129,D,4,2,13,BRHO,H,BRHO,1,NA,Y,0.0263,0.0093,9,NA,NA,NA,NA,NA,A,NA,NA,2122,0.026,0.009,9,NA,NA,NA,NA,invasive 
130,D,4,3,13,BRHO,L,BRHO,1,NA,Y,0.1298,0.0438,28,NA,NA,NA,NA,NA,A,NA,NA,2147,0.13,0.044,28,NA,NA,NA,NA,invasive 
131,D,4,30,13,Control,NA,BRHO,3,NA,Y,0.5227,0.2399,223,NA,NA,NA,NA,NA,A,NA,NA,2822,0.174333333,0.08,74.33333333,NA,NA,NA,NA,invasive 
132,C,5,13,16,BRHO,H,BRHO,1,NA,Y,NA,0.0889,NA,NA,NA,NA,NA,NA,A,NA,NA,3418,NA,0.089,NA,NA,NA,NA,NA,invasive 
133,C,5,14,16,Control,NA,BRHO,3,NA,Y,NA,0.2949,NA,NA,NA,NA,NA,NA,A,NA,NA,3443,NA,0.098333333,NA,NA,NA,NA,NA,invasive 
134,C,5,41,16,BRHO,L,BRHO,1,NA,Y,NA,0.044,NA,NA,NA,NA,NA,NA,E,NA,NA,4118,NA,0.044,NA,NA,NA,NA,NA,invasive 
135,D,6,5,1,BRHO,H,BRHO,1,NA,Y,NA,0.023,NA,NA,NA,NA,NA,NA,E,NA,collected in sub 4,4269,NA,0.023,NA,NA,NA,NA,NA,invasive 
136,D,6,16,1,Control,NA,BRHO,3,NA,Y,NA,0.5418,NA,NA,NA,NA,NA,NA,A,NA,NA,4544,NA,0.180666667,NA,NA,NA,NA,NA,invasive 
137,D,6,41,1,BRHO,L,BRHO,1,NA,Y,NA,0.258,NA,NA,NA,NA,NA,NA,E,NA,NA,5145,NA,0.258,NA,NA,NA,NA,NA,invasive 
138,C,7,15,8,Control,NA,BRHO,3,NA,Y,NA,1.6847,1343,NA,NA,NA,NA,NA,A,NA,other Madia,5568,NA,0.561666667,447.6666667,NA,NA,NA,NA,invasive 
139,C,7,32,8,BRHO,L,BRHO,1,NA,Y,0.083,0.0398,29,NA,NA,NA,NA,NA,A,NA,NA,5969,0.083,0.04,29,NA,NA,NA,NA,invasive 
140,C,7,41,8,BRHO,H,BRHO,1,NA,Y,0.1766,0.0315,30,NA,NA,NA,NA,NA,A,NA,NA,6194,0.177,0.032,30,NA,NA,NA,NA,invasive 
141,C,8,6,6,BRHO,L,BRHO,1,NA,Y,NA,0.0147,NA,NA,NA,NA,NA,NA,A,NA,collected in sub 13,6383,NA,0.015,NA,NA,NA,NA,NA,invasive 
142,C,8,29,6,BRHO,H,BRHO,1,NA,Y,NA,0.1035,NA,NA,NA,NA,NA,NA,A,NA,NA,6934,NA,0.104,NA,NA,NA,NA,NA,invasive 
143,D,12,9,11,Control,NA,BRHO,2,NA,Y,NA,0.156,NA,NA,NA,NA,NA,NA,E,NA,NA,7505,NA,0.078,NA,NA,NA,NA,NA,invasive 
144,D,12,10,11,BRHO,H,BRHO,1,NA,Y,NA,0.047,NA,NA,NA,NA,NA,NA,E,NA,NA,7530,NA,0.047,NA,NA,NA,NA,NA,invasive 
145,D,12,21,11,BRHO,L,BRHO,1,NA,Y,NA,0.0203,NA,NA,NA,NA,NA,NA,NA,NA,NA,7805,NA,0.0203,NA,NA,NA,NA,NA,invasive 
146,D,14,4,20,Control,NA,BRHO,3,NA,Y,NA,0.389,NA,NA,NA,NA,NA,NA,E,NA,NA,8431,NA,0.129666667,NA,NA,NA,NA,NA,invasive 
147,D,14,6,20,Control,NA,BRHO,3,NA,Y,NA,0.137,NA,NA,NA,NA,NA,NA,E,NA,NA,8481,NA,0.045666667,NA,NA,NA,NA,NA,invasive 
148,D,14,22,20,BRHO,L,BRHO,1,NA,Y,NA,0.0412,NA,NA,NA,NA,NA,NA,A,NA,NA,8881,NA,0.041,NA,NA,NA,NA,NA,invasive 
149,D,14,40,20,BRHO,H,BRHO,1,NA,Y,NA,0.02,NA,NA,NA,NA,NA,NA,E,NA,NA,9331,NA,0.02,NA,NA,NA,NA,NA,invasive 
150,C,15,15,8,Control,NA,BRHO,2,NA,Y,NA,0.3461,NA,NA,NA,NA,NA,NA,A,NA,NA,9760,NA,0.173,NA,NA,NA,NA,NA,invasive 
151,C,15,19,8,BRHO,H,BRHO,1,NA,Y,NA,0.078,NA,NA,NA,NA,NA,NA,E,NA,NA,9860,NA,0.078,NA,NA,NA,NA,NA,invasive 
152,C,15,28,8,BRHO,L,BRHO,1,NA,Y,NA,0.06,NA,NA,NA,NA,NA,NA,E,NA,NA,10085,NA,0.06,NA,NA,NA,NA,NA,invasive 
153,C,16,7,5,BRHO,L,BRHO,1,NA,Y,NA,0.017,NA,NA,NA,NA,NA,NA,E,NA,NA,10599,NA,0.017,NA,NA,NA,NA,NA,invasive 
154,C,16,10,5,Control,NA,BRHO,3,NA,Y,NA,0.339,NA,NA,NA,NA,NA,NA,E,NA,NA,10674,NA,0.113,NA,NA,NA,NA,NA,invasive 
155,C,16,23,5,BRHO,H,BRHO,1,NA,Y,NA,0.111,NA,NA,NA,NA,NA,NA,E,NA,other = MICA,10999,NA,0.111,NA,NA,NA,NA,NA,invasive 
156,C,16,29,5,Control,NA,BRHO,3,NA,Y,NA,0.0848,NA,NA,NA,NA,NA,NA,A,NA,NA,11149,NA,0.028333333,NA,NA,NA,NA,NA,invasive 
157,D,1,10,2,BRHO,H,GITR,3,NA,Y,0.7384,NA,NA,47,NA,NA,NA,NA,A,NA,NA,227,0.246,NA,NA,15.66666667,NA,NA,NA,native
158,D,3,22,13,Control,NA,GITR,2,NA,Y,0.0972,NA,NA,NA,NA,NA,NA,NA,A,NA,NA,1556,0.0485,NA,NA,NA,NA,NA,NA,native
159,D,3,32,7,BRHO,L,GITR,3,A,Y,0.021,NA,NA,NA,NA,NA,NA,NA,E,NA,NA,1800,0.007,NA,NA,NA,NA,NA,NA,native
160,D,3,32,7,BRHO,L,GITR,1,B,Y,0.269,NA,NA,NA,NA,NA,NA,NA,E,NA,NA,11593,0.269,NA,NA,NA,NA,NA,NA,native
161,D,4,2,21,BRHO,H,GITR,2,NA,Y,0.007,NA,NA,NA,NA,NA,NA,NA,E,one veg one flower,NA,2130,0.0035,NA,NA,NA,NA,NA,NA,native
162,D,4,30,21,Control,NA,GITR,2,A,Y,0.278,NA,NA,NA,NA,NA,NA,NA,E,NA,NA,2830,0.139,NA,NA,NA,NA,NA,NA,native
163,D,4,30,21,Control,NA,GITR,1,B,Y,0.018,NA,NA,NA,NA,NA,NA,NA,E,NA,NA,11617,0.018,NA,NA,NA,NA,NA,NA,native
164,C,5,13,11,BRHO,H,GITR,2,NA,Y,0.2925,NA,NA,NA,NA,NA,NA,NA,A,NA,NA,3413,0.146,NA,NA,NA,NA,NA,NA,native
165,C,5,14,11,Control,NA,GITR,3,NA,Y,0.8938,NA,NA,NA,NA,NA,NA,NA,A,NA,NA,3438,0.298,NA,NA,NA,NA,NA,NA,native
166,C,5,41,11,BRHO,L,GITR,1,NA,Y,0.0255,NA,NA,NA,NA,NA,NA,NA,A,NA,NA,4113,0.025,NA,NA,NA,NA,NA,NA,native
167,D,6,5,21,BRHO,H,GITR,2,NA,Y,0.2635,NA,NA,NA,NA,NA,NA,NA,A,NA,NA,4289,0.132,NA,NA,NA,NA,NA,NA,native
168,D,6,16,21,Control,NA,GITR,2,NA,Y,0.96,NA,NA,NA,NA,NA,NA,NA,E,NA,NA,4564,0.48,NA,NA,NA,NA,NA,NA,native
169,D,6,41,21,BRHO,L,GITR,2,NA,Y,0.2633,NA,NA,NA,NA,NA,NA,NA,A,NA,NA,5165,0.1315,NA,NA,NA,NA,NA,NA,native
170,C,7,41,4,BRHO,H,GITR,1,NA,Y,0.159,NA,NA,NA,NA,NA,NA,NA,E,NA,NA,6190,0.159,NA,NA,NA,NA,NA,NA,native
171,C,8,6,12,BRHO,L,GITR,2,NA,Y,0.266,NA,NA,NA,NA,NA,NA,NA,E,NA,NA,6389,0.133,NA,NA,NA,NA,NA,NA,native
172,C,8,25,12,Control,NA,GITR,1,NA,Y,0.1557,NA,NA,NA,NA,NA,NA,NA,A,NA,NA,6840,0.156,NA,NA,NA,NA,NA,NA,native
173,C,8,29,12,BRHO,H,GITR,2,NA,Y,0.6111,NA,NA,NA,NA,NA,NA,NA,A,NA,NA,6940,0.3055,NA,NA,NA,NA,NA,NA,native
174,D,12,9,24,Control,NA,GITR,1,NA,Y,0.684,NA,NA,NA,NA,NA,NA,NA,E,NA,NA,7518,0.684,NA,NA,NA,NA,NA,NA,native
175,D,12,10,24,BRHO,H,GITR,1,NA,Y,0.082,NA,NA,NA,NA,NA,NA,NA,E,NA,NA,7543,0.082,NA,NA,NA,NA,NA,NA,native
176,D,12,21,24,BRHO,L,GITR,1,NA,Y,0.124,NA,NA,NA,NA,NA,NA,NA,E,NA,NA,7818,0.124,NA,NA,NA,NA,NA,NA,native
177,D,14,4,9,Control,NA,GITR,2,NA,Y,0.4105,NA,NA,NA,NA,NA,NA,NA,A,NA,"1 gillia broken at base, added to other",8420,0.205,NA,NA,NA,NA,NA,NA,native
178,D,14,6,9,Control,NA,GITR,2,A,Y,1.4872,NA,NA,NA,NA,NA,NA,NA,A,NA,NA,8470,0.7435,NA,NA,NA,NA,NA,NA,native
179,D,14,6,9,Control,NA,GITR,1,B,Y,0.7603,NA,NA,NA,NA,NA,NA,NA,A,NA,NA,11597,0.76,NA,NA,NA,NA,NA,NA,native
180,C,15,15,4,Control,NA,GITR,2,NA,Y,0.096,NA,NA,7,NA,NA,NA,NA,E,NA,NA,9756,0.048,NA,NA,3.5,NA,NA,NA,native
181,C,15,19,4,BRHO,H,GITR,3,NA,Y,0.175,NA,NA,16,NA,NA,NA,NA,E,NA,NA,9856,0.058333333,NA,NA,5.333333333,NA,NA,NA,native
182,C,15,28,4,BRHO,L,GITR,3,NA,Y,0.248,NA,NA,18,NA,NA,NA,NA,E,NA,NA,10081,0.082666667,NA,NA,6,NA,NA,NA,native
183,C,16,10,24,Control,NA,GITR,2,NA,Y,0.34,NA,NA,NA,NA,NA,NA,NA,E,NA,NA,10693,0.17,NA,NA,NA,NA,NA,NA,native
184,C,16,23,24,BRHO,H,GITR,2,A,Y,0.0372,NA,NA,NA,NA,NA,NA,NA,A,NA,NA,11018,0.0185,NA,NA,NA,NA,NA,NA,native
185,C,16,23,24,BRHO,H,GITR,1,B,Y,0.0336,NA,NA,NA,NA,NA,NA,NA,A,NA,NA,11692,0.034,NA,NA,NA,NA,NA,NA,native
186,D,1,10,12,BRHO,H,LENI,1,NA,Y,0.061,NA,76,NA,99,NA,38,NA,E,WEIGH TOTAL BIOMASS,NA,NA,0.061,NA,76,NA,99,NA,38,native
187,D,3,12,23,BRHO,H,LENI,2,NA,Y,1.474,NA,NA,NA,1227,NA,NA,NA,E,WEIGH TOTAL BIOMASS,NA,NA,0.737,NA,NA,NA,613.5,NA,NA,native
188,D,3,22,20,Control,NA,LENI,1,NA,Y,NA,NA,NA,NA,1489,NA,NA,NA,NA,NA,NA,NA,NA,NA,NA,NA,1489,NA,NA,native
189,D,3,32,3,BRHO,L,LENI,1,NA,Y,0.245,NA,NA,NA,210,NA,NA,NA,E,WEIGH TOTAL BIOMASS,NA,NA,0.245,NA,NA,NA,210,NA,NA,native
190,D,4,2,24,BRHO,H,LENI,1,NA,Y,0.056,NA,NA,NA,53,NA,NA,NA,E,WEIGH TOTAL BIOMASS,NA,NA,0.056,NA,NA,NA,53,NA,NA,native
191,D,4,3,24,BRHO,L,LENI,1,NA,Y,0.185,NA,NA,NA,140,NA,NA,NA,E,WEIGH TOTAL BIOMASS,NA,NA,0.185,NA,NA,NA,140,NA,NA,native
192,D,4,30,24,Control,NA,LENI,1,NA,Y,NA,NA,NA,NA,16,NA,NA,NA,NA,NA,NA,NA,NA,NA,NA,NA,16,NA,NA,native
193,C,5,13,25,BRHO,H,LENI,1,NA,Y,0.324,NA,290,NA,291,NA,145,NA,E,WEIGH TOTAL BIOMASS,NA,NA,0.324,NA,290,NA,291,NA,145,native
194,D,6,5,23,BRHO,H,LENI,1,NA,Y,0.0272,NA,38,NA,35,NA,19,NA,A,WEIGH TOTAL BIOMASS,NA,NA,0.027,NA,38,NA,35,NA,19,native
195,D,6,41,23,BRHO,L,LENI,1,NA,Y,0.3577,NA,238,NA,252,NA,119,NA,A,WEIGH TOTAL BIOMASS,NA,NA,0.358,NA,238,NA,252,NA,119,native
196,C,7,15,6,Control,NA,LENI,2,NA,Y,NA,NA,NA,NA,232,NA,NA,NA,NA,NA,NA,NA,NA,NA,NA,NA,116,NA,NA,native
197,C,7,41,6,BRHO,H,LENI,1,NA,Y,0.0242,NA,NA,NA,13,NA,NA,NA,A,WEIGH TOTAL BIOMASS,NA,NA,0.024,NA,NA,NA,13,NA,NA,native
198,C,8,6,9,BRHO,L,LENI,3,NA,Y,1.032,NA,NA,NA,493,NA,NA,NA,E,WEIGH TOTAL BIOMASS,NA,NA,0.344,NA,NA,NA,164.3333333,NA,NA,native
199,C,8,25,9,Control,NA,LENI,1,NA,Y,NA,NA,NA,NA,165,NA,NA,NA,NA,NA,NA,NA,NA,NA,NA,NA,165,NA,NA,native
200,C,8,29,9,BRHO,H,LENI,2,NA,Y,0.767,NA,NA,NA,428.38,NA,NA,NA,E,WEIGH TOTAL BIOMASS,NA,NA,0.3835,NA,NA,NA,214.19,NA,NA,native
201,D,12,9,12,Control,NA,LENI,1,NA,Y,NA,NA,NA,NA,366,NA,NA,NA,NA,NA,NA,NA,NA,NA,NA,NA,366,NA,NA,native
202,D,12,10,12,BRHO,H,LENI,1,NA,Y,0.039,NA,NA,NA,50,NA,NA,NA,E,WEIGH TOTAL BIOMASS,NA,NA,0.039,NA,NA,NA,50,NA,NA,native
203,D,12,21,12,BRHO,L,LENI,3,NA,Y,0.585,NA,NA,NA,230,NA,NA,NA,E,WEIGH TOTAL BIOMASS,"both galium is very small, potential could be other",NA,0.195,NA,NA,NA,76.66666667,NA,NA,native
204,D,14,40,22,BRHO,H,LENI,3,NA,Y,0.838,NA,NA,NA,647,NA,NA,NA,E,WEIGH TOTAL BIOMASS,NA,NA,0.279333333,NA,NA,NA,215.6666667,NA,NA,native
205,C,15,15,23,Control,NA,LENI,2,NA,Y,NA,NA,NA,NA,635,NA,NA,NA,NA,NA,NA,NA,NA,NA,NA,NA,317.5,NA,NA,native
206,C,15,28,23,BRHO,L,LENI,3,NA,Y,0.133,NA,126,NA,141,NA,63,NA,E,WEIGH TOTAL BIOMASS,NA,NA,0.044333333,NA,42,NA,47,NA,21,native
207,C,16,10,23,Control,NA,LENI,1,NA,Y,NA,NA,NA,NA,292,NA,NA,NA,NA,NA,NA,NA,NA,NA,NA,NA,292,NA,NA,native
208,C,16,23,23,BRHO,H,LENI,1,A,Y,0.056,NA,NA,NA,38,NA,NA,NA,E,WEIGH TOTAL BIOMASS,NA,NA,0.056,NA,NA,NA,38,NA,NA,native
209,C,16,23,23,BRHO,H,LENI,1,B,Y,2.16,NA,NA,NA,1371,NA,NA,NA,E,WEIGH TOTAL BIOMASS,NA,NA,2.16,NA,NA,NA,1371,NA,NA,native
210,D,3,12,11,BRHO,H,PLER,3,NA,Y,0.133,0.052,NA,NA,NA,NA,NA,NA,E,WEIGH TOTAL BIOMASS,NA,NA,0.044333333,0.017333333,NA,NA,NA,NA,NA,native
211,D,3,22,17,Control,NA,PLER,3,NA,Y,NA,0.6054,NA,NA,NA,NA,NA,NA,A,NA,NA,NA,NA,0.201666667,NA,NA,NA,NA,NA,native
212,D,3,32,1,BRHO,L,PLER,3,NA,Y,0.666,0.263,NA,NA,NA,NA,NA,NA,E,WEIGH TOTAL BIOMASS,NA,NA,0.222,0.087666667,NA,NA,NA,NA,NA,native
213,D,4,2,11,BRHO,H,PLER,2,NA,Y,0.1388,0.0608,NA,NA,NA,NA,NA,NA,A,WEIGH TOTAL BIOMASS,NA,NA,0.0695,0.0305,NA,NA,NA,NA,NA,native
214,D,4,3,11,BRHO,L,PLER,2,A,Y,0.2073,0.0826,146,73,NA,NA,NA,NA,A,WEIGH TOTAL BIOMASS,NA,NA,0.1035,0.0415,73,36.5,NA,NA,NA,native
215,D,4,3,11,BRHO,L,PLER,1,B,Y,0.1043,0.0257,48,24,NA,NA,NA,NA,A,WEIGH TOTAL BIOMASS,NA,NA,0.104,0.026,48,24,NA,NA,NA,native
216,D,4,30,11,Control,NA,PLER,1,A,Y,NA,0.0023,NA,NA,NA,NA,NA,NA,A,NA,NA,NA,NA,0.002,NA,NA,NA,NA,NA,native
217,D,4,30,11,Control,NA,PLER,1,B,Y,NA,0.0566,NA,NA,NA,NA,NA,NA,A,NA,NA,NA,NA,0.057,NA,NA,NA,NA,NA,native
218,C,5,13,8,BRHO,H,PLER,2,NA,Y,0.218,0.115,NA,NA,NA,NA,NA,NA,E,WEIGH TOTAL BIOMASS,NA,NA,0.109,0.0575,NA,NA,NA,NA,NA,native
219,C,5,14,8,Control,NA,PLER,3,NA,Y,NA,0.167,NA,NA,NA,NA,NA,NA,E,NA,NA,NA,NA,0.055666667,NA,NA,NA,NA,NA,native
220,C,5,41,8,BRHO,L,PLER,2,NA,Y,0.531,0.279,NA,NA,NA,NA,NA,NA,E,WEIGH TOTAL BIOMASS,NA,NA,0.2655,0.1395,NA,NA,NA,NA,NA,native
221,D,6,5,12,BRHO,H,PLER,1,NA,Y,0.0276,0.0052,NA,NA,NA,NA,NA,NA,NA,WEIGH TOTAL BIOMASS,NA,NA,0.0276,0.0052,NA,NA,NA,NA,NA,native
222,D,6,16,12,Control,NA,PLER,1,NA,Y,NA,0.0737,NA,NA,NA,NA,NA,NA,NA,NA,NA,NA,NA,0.0737,NA,NA,NA,NA,NA,native
223,D,6,41,12,BRHO,L,PLER,3,NA,Y,0.4101,0.1835,NA,NA,NA,NA,NA,NA,NA,WEIGH TOTAL BIOMASS,NA,NA,0.1367,0.061166667,NA,NA,NA,NA,NA,native
224,C,7,41,12,BRHO,H,PLER,1,NA,Y,0.1437,0.0785,34,17,NA,NA,NA,NA,A,WEIGH TOTAL BIOMASS,NA,NA,0.144,0.078,34,17,NA,NA,NA,native
225,C,8,6,8,BRHO,L,PLER,1,NA,Y,0.0301,0.0173,NA,NA,NA,NA,NA,NA,NA,WEIGH TOTAL BIOMASS,NA,NA,0.0301,0.0173,NA,NA,NA,NA,NA,native
226,C,8,29,8,BRHO,H,PLER,2,NA,Y,0.2742,0.1635,NA,NA,NA,NA,NA,NA,NA,WEIGH TOTAL BIOMASS,NA,NA,0.1371,0.08175,NA,NA,NA,NA,NA,native
227,D,14,6,21,Control,NA,PLER,3,NA,Y,NA,0.0487,NA,NA,NA,NA,NA,NA,A,NA,NA,NA,NA,0.016333333,NA,NA,NA,NA,NA,native
228,D,14,22,21,BRHO,L,PLER,3,NA,Y,0.7537,0.4957,NA,NA,NA,NA,NA,NA,A,WEIGH TOTAL BIOMASS,NA,NA,0.251333333,0.165333333,NA,NA,NA,NA,NA,native
229,C,16,23,16,BRHO,H,PLER,2,NA,Y,0.2399,0.122,NA,NA,NA,NA,NA,NA,A,WEIGH TOTAL BIOMASS,NA,NA,0.12,0.061,NA,NA,NA,NA,NA,native
230,D,1,36,16,BRHO,L,THIR-I,1,NA,Y,0.259,NA,NA,NA,NA,NA,NA,NA,A,NA,NA,NA,0.259,NA,NA,NA,NA,NA,NA,invasive 
231,D,1,39,18,Control,NA,THIR-I,4,NA,Y,2.1668,NA,NA,NA,NA,NA,NA,NA,A,NA,NA,NA,0.54175,NA,NA,NA,NA,NA,NA,invasive 
232,D,3,12,3,BRHO,H,THIR-I,1,NA,Y,0.056,NA,NA,NA,NA,NA,NA,NA,F,NA,NA,NA,0.056,NA,NA,NA,NA,NA,NA,invasive 
233,D,3,22,24,Control,NA,THIR-I,1,NA,Y,1.436,NA,NA,NA,NA,NA,NA,NA,F,NA,NA,NA,1.436,NA,NA,NA,NA,NA,NA,invasive 
234,D,3,32,9,BRHO,L,THIR-I,2,NA,Y,0.441,NA,NA,NA,NA,NA,NA,NA,F,NA,NA,NA,0.2205,NA,NA,NA,NA,NA,NA,invasive 
235,D,4,3,6,BRHO,L,THIR-I,1,NA,Y,0.201,NA,NA,NA,NA,NA,NA,NA,E,NA,NA,NA,0.201,NA,NA,NA,NA,NA,NA,invasive 
236,C,5,13,5,BRHO,H,THIR-I,2,NA,Y,0.2608,NA,NA,NA,NA,NA,NA,NA,A,NA,NA,NA,0.1305,NA,NA,NA,NA,NA,NA,invasive 
237,C,5,14,5,Control,NA,THIR-I,1,NA,Y,0.2793,NA,NA,NA,NA,NA,NA,NA,A,NA,NA,NA,0.279,NA,NA,NA,NA,NA,NA,invasive 
238,C,5,41,5,BRHO,L,THIR-I,3,NA,Y,0.8048,NA,NA,NA,NA,NA,NA,NA,A,NA,NA,NA,0.268333333,NA,NA,NA,NA,NA,NA,invasive 
239,D,6,41,22,BRHO,L,THIR-I,1,NA,Y,0.405,NA,NA,NA,NA,NA,NA,NA,E,NA,NA,NA,0.405,NA,NA,NA,NA,NA,NA,invasive 
240,C,7,15,7,Control,NA,THIR-I,2,NA,Y,0.588,NA,NA,NA,NA,NA,NA,NA,F,NA,NA,NA,0.294,NA,NA,NA,NA,NA,NA,invasive 
241,C,7,32,7,BRHO,L,THIR-I,1,NA,Y,0.417,NA,NA,NA,NA,NA,NA,NA,F,NA,NA,NA,0.417,NA,NA,NA,NA,NA,NA,invasive 
242,C,7,41,7,BRHO,H,THIR-I,1, ,Y,0.096,NA,NA,NA,NA,NA,NA,NA,F,NA,NA,NA,0.096,NA,NA,NA,NA,NA,NA,invasive 
243,C,8,6,10,BRHO,L,THIR-I,1,NA,Y,1.0739,NA,NA,NA,NA,NA,NA,NA,A,NA,NA,NA,1.074,NA,NA,NA,NA,NA,NA,invasive 
244,C,8,29,10,BRHO,H,THIR-I,2,NA,Y,0.4259,NA,NA,NA,NA,NA,NA,NA,A,NA,NA,NA,0.213,NA,NA,NA,NA,NA,NA,invasive 
245,D,12,9,20,Control,NA,THIR-I,1,NA,Y,0.17,NA,NA,NA,NA,NA,NA,NA,E,NA,NA,NA,0.17,NA,NA,NA,NA,NA,NA,invasive 
246,D,12,10,20,BRHO,H,THIR-I,3,NA,Y,0.213,NA,NA,NA,NA,NA,NA,NA,E,NA,NA,NA,0.071,NA,NA,NA,NA,NA,NA,invasive 
247,D,14,22,15,BRHO,L,THIR-I,4,NA,Y,0.431,NA,NA,NA,NA,NA,NA,NA,F,NA,NA,NA,0.10775,NA,NA,NA,NA,NA,NA,invasive 
248,C,15,15,13,Control,NA,THIR-I,1,NA,Y,0.43,NA,NA,NA,NA,NA,NA,NA,A,NA,NA,NA,0.43,NA,NA,NA,NA,NA,NA,invasive 
249,C,15,19,13,BRHO,H,THIR-I,3,NA,Y,1.661,NA,NA,NA,NA,NA,NA,NA,A,NA,NA,NA,0.553666667,NA,NA,NA,NA,NA,NA,invasive 
250,C,15,28,13,BRHO,L,THIR-I,3,NA,Y,2.2035,NA,NA,NA,NA,NA,NA,NA,A,NA,NA,NA,0.734666667,NA,NA,NA,NA,NA,NA,invasive 
251,C,16,7,4,BRHO,L,THIR-I,1,NA,Y,0.629,NA,NA,NA,NA,NA,NA,NA,F,NA,NA,NA,0.629,NA,NA,NA,NA,NA,NA,invasive 
252,C,16,23,4,BRHO,H,THIR-I,2,NA,Y,0.55,NA,NA,NA,NA,NA,NA,NA,F,NA,NA,NA,0.275,NA,NA,NA,NA,NA,NA,invasive 
253,D,1,39,13,Control,NA,TWIL-I,2,NA,Y,0.29,NA,NA,NA,NA,NA,NA,NA,NA,NA,NA,939,0.145,NA,NA,NA,NA,NA,NA,native
254,D,3,12,10,BRHO,H,TWIL-I,2,NA,Y,0.038,NA,NA,NA,NA,NA,NA,NA,E,NA,NA,1327,0.019,NA,NA,NA,NA,NA,NA,native
255,D,4,3,18,BRHO,L,TWIL-I,1,NA,Y,0.0286,NA,NA,NA,NA,NA,NA,NA,A,NA,NA,2152,0.029,NA,NA,NA,NA,NA,NA,native
256,C,5,41,19,BRHO,L,TWIL-I,1,NA,Y,0.017,NA,NA,NA,NA,NA,NA,NA,E,NA,NA,4121,0.017,NA,NA,NA,NA,NA,NA,native
257,D,6,16,8,Control,NA,TWIL-I,1,NA,Y,0.051,NA,NA,NA,NA,NA,NA,NA,E,NA,NA,4551,0.051,NA,NA,NA,NA,NA,NA,native
258,C,8,6,25,BRHO,L,TWIL-I,2,NA,Y,0.194,NA,NA,NA,NA,NA,NA,NA,E,one individual veg,NA,6402,0.097,NA,NA,NA,NA,NA,NA,native
259,D,12,10,7,BRHO,H,TWIL-I,2,NA,Y,0.0687,NA,NA,NA,NA,NA,NA,NA,A,NA,NA,7526,0.0345,NA,NA,NA,NA,NA,NA,native
260,D,12,21,7,BRHO,L,TWIL-I,2,NA,Y,0.0773,NA,NA,NA,NA,NA,NA,NA,A,NA,NA,7801,0.0385,NA,NA,NA,NA,NA,NA,native
261,D,14,4,11,Control,NA,TWIL-I,1,NA,Y,0.0721,NA,NA,NA,NA,NA,NA,NA,A,NA,NA,8422,0.072,NA,NA,NA,NA,NA,NA,native
262,D,14,22,11,BRHO,L,TWIL-I,2,NA,Y,0.0554,NA,NA,NA,NA,NA,NA,NA,A,NA,NA,8872,0.0275,NA,NA,NA,NA,NA,NA,native
263,C,15,15,25,Control,NA,TWIL-I,1,NA,Y,0.0253,NA,NA,NA,NA,NA,NA,NA,A,NA,NA,9777,0.025,NA,NA,NA,NA,NA,NA,native
264,C,15,28,25,BRHO,L,TWIL-I,1,NA,Y,0.0405,NA,NA,NA,NA,NA,NA,NA,A,NA,NA,10102,0.04,NA,NA,NA,NA,NA,NA,native
265,C,16,7,14,BRHO,L,TWIL-I,1,NA,Y,0.1093,NA,NA,NA,NA,NA,NA,NA,A,NA,NA,10608,0.109,NA,NA,NA,NA,NA,NA,native
266,C,16,29,14,Control,NA,TWIL-I,1,NA,Y,0.0265,NA,NA,NA,NA,NA,NA,NA,A,NA,NA,11158,0.026,NA,NA,NA,NA,NA,NA,native
